ST;stimulus;spike;time;ISI;amplitude;half-width;rise;baseline;decay50;decay70;decay90;area;decayrate;decaytime
5;15;6;1708,259;27;1,337;4,957;2,9;0,003;3,459;4,749;7,566;7,805;0,265;3,77
5;15;7;1737,258;28,999;1,517;4,559;2,58;0,003;2,92;4,19;6,136;15,697;0,31;3,226
5;15;8;1772,259;35,001;1,575;4,491;1,91;-0,008;2,966;4,235;6,552;8,266;0;0
5;15;9;1801,26;29,001;1,481;4,434;2,1;0,007;2,652;3,777;5,599;14,339;0,523;1,913
5;15;10;1823,26;22;1,353;4,533;3,53;0,007;3,251;4,238;5,901;7,02;0,299;3,34
5;15;11;1854,26;31;1,398;4,237;2,32;-0,005;3,127;4,303;6,237;6,94;0;0
5;15;12;1883,26;29;1,412;4,35;2,23;0;2,403;3,431;5,131;7,002;0;0
5;15;13;1904,261;21,001;1,438;4,176;2,03;0,02;2,468;3,548;5,223;6,805;0,356;2,807
5;15;14;1927,261;23;1,45;4,398;2,74;0,02;2,258;3,286;4,949;14,055;0,382;2,618
5;15;15;1947,261;20;1,631;3,768;1,86;0,013;2,965;3,955;5,699;7,235;0,318;3,14
5;15;16;1970,261;23;1,694;3,959;1,72;0,034;2,576;3,589;5,053;7,268;0,349;2,866
5;15;17;1991,261;21;1,448;4,02;2,19;0,034;2,878;3,84;5,442;6,488;0,318;3,143
5;15;18;2013,262;22,001;1,693;4,021;2,07;0,015;2,836;3,889;5,712;7,759;0,328;3,046
5;15;19;2040,262;27;1,522;4,129;1,82;0,026;2,401;3,443;5,039;13,486;0,557;1,794
5;15;20;2062,262;22;1,459;3,978;1,93;0,026;2,271;3,305;4,776;6,57;0,383;2,611
5;15;21;2084,262;22;1,555;4,116;1,9;0,01;2,866;3,86;5,56;7,252;0,33;3,032
5;15;22;2109,262;25;1,594;3,906;2,07;0,04;2,791;3,829;5,588;7,01;0,321;3,116
5;15;23;2128,263;19,001;1,253;4,053;2,98;0,04;2,565;3,453;4,82;5,709;0,344;2,903
5;15;24;2147,262;18,999;1,362;3,962;2,5;0,034;2,014;2,899;4,332;6,126;0,421;2,374
5;15;25;2167,263;20,001;1,58;3,794;1,91;0,034;2,048;2,889;4,488;6,833;0,417;2,396
5;15;26;2189,263;22;1,355;4,257;2,21;0,016;3,003;3,817;5,254;6,304;0,325;3,073
5;15;27;2206,263;17;1,472;3,781;1,87;0,013;2,574;3,448;4,746;6,062;0,368;2,715
5;15;28;2224,263;18;1,375;3,896;2,26;-0,001;2,036;3,036;4,568;6,247;0;0
5;15;29;2242,263;18;1,386;3,806;1,59;0,032;2,448;3,351;4,896;5,616;0,365;2,739
5;15;30;2260,264;18,001;1,388;4,093;1,98;0,032;2,38;3,279;4,738;6,164;0,378;2,644
5;15;31;2280,263;19,999;1,238;4,274;2,39;0,011;2,777;3,769;5,271;5,822;0,332;3,013
5;15;32;2300,264;20,001;1,368;3,897;2,5;0,028;2,203;3,022;4,548;5,951;0,404;2,477
5;15;33;2319,263;18,999;1,401;3,912;1,95;0,028;1,953;2,85;4,39;6,191;0,429;2,331
5;15;34;2338,263;19;1,416;4,013;2,16;0,016;2,635;3,527;4,872;6,184;0,359;2,786
5;15;35;2357,264;19,001;1,368;3,988;2,48;0,017;2,262;3,119;4,561;6,302;0,4;2,499
5;15;36;2377,264;20;1,494;3,876;1,73;0,017;2,332;3,234;4,671;6,471;0,392;2,55
5;15;37;2398,265;21,001;1,37;3,737;1,94;0,017;2,208;2,996;4,62;5,684;0,403;2,48
5;15;38;2416,264;17,999;1,335;3,743;2,08;0,015;2,391;3,311;4,761;5,457;0,382;2,62
5;15;39;2435,265;19,001;1,26;3,998;2,2;-0,003;1,975;2,875;4,49;5,774;0,442;2,262
5;15;40;2454,265;19;1,214;3,976;2,5;-0,004;2,426;3,364;4,913;5,456;0;0
5;15;41;2472,265;18;1,234;4,086;2,16;0,015;2,638;3,471;4,825;5,475;0,36;2,775
5;15;42;2490,265;18;1,206;3,971;2,42;0,016;2,289;3,146;4,715;5,343;0,394;2,535
5;15;43;2509,265;19;1,099;4,102;2,88;0,022;2,459;3,349;4,771;5,027;0,373;2,68
5;15;44;2527,266;18,001;1,031;4,027;2,62;0,022;2,118;3,047;4,595;4,695;0,402;2,485
5;15;45;2546,266;19;1,082;3,84;2,55;0,026;2,072;2,829;3,955;4,589;0,435;2,301
5;15;46;2565,266;19;1,302;3,728;2,4;0,026;2,12;2,913;4,289;10,024;0,417;2,395
5;15;47;2584,265;18,999;1,081;4,036;2,55;0,02;1,939;2,758;3,987;4,824;0,439;2,28
5;15;48;2604,266;20,001;1,128;3,979;2,57;0,003;2,287;2,994;4,364;5,101;0,42;2,383
5;15;49;2623,266;19;1,197;3,948;2,39;0,003;2,327;3,353;4,827;5,275;0,387;2,585
5;15;50;2646,267;23,001;1,15;3,938;2,85;-0,01;2,576;3,436;4,902;5,21;0,373;2,682
5;15;51;2665,266;18,999;1,212;3,86;1,95;0,011;2,578;3,475;5,44;5,389;0,351;2,849
5;15;52;2686,266;21;1,18;4,093;2,58;0,011;2,438;3,408;5,086;5,463;0,371;2,694
5;15;53;2707,267;21,001;1,217;4,28;2,04;0,014;3,055;3,897;5,293;5,634;0,322;3,104
5;15;54;2728,267;21;1,047;3,999;3,17;0,014;2,614;3,546;5,131;4,941;0,35;2,856
5;15;55;2749,267;21;1,095;4,168;2,44;0,014;2,502;3,336;4,634;9,884;0,371;2,698
5;15;56;2769,268;20,001;1,122;3,93;2,52;-0,005;2,364;3,223;4,531;4,92;0,405;2,472
5;15;57;2792,268;23;1,114;4,178;2,81;-0,012;2,754;3,694;5,051;5,299;0;0
5;15;58;2812,268;20;1,181;4,071;2,22;-0,008;2,737;3,643;5,067;5,375;0;0
5;15;59;2836,268;24;1,126;4,134;2,53;0;2,423;3,405;4,766;5,194;0;0
5;15;60;2858,268;22;0,93;4,664;3,71;0;2,268;3,311;4,994;5,199;0,383;2,612
5;15;61;2876,269;18,001;1,093;4,086;2,52;0,004;2,828;3,754;5,382;5,142;0,336;2,978
5;15;62;2900,269;24;1,2;4,142;2,04;0,004;2,805;3,709;5,063;5,474;0,336;2,973
5;15;63;2921,268;20,999;1,178;3,964;2,33;0,003;2,574;3,448;4,724;5,101;0,364;2,746
5;15;64;2942,269;21,001;1,147;3,813;2,64;-0,014;2,347;3,185;4,727;4,956;0;0
5;15;65;2962,269;20;1,118;4,025;3,04;-0,014;2,255;3,134;4,662;5,214;0;0
5;15;66;2982,269;20;1,159;4,048;2,03;0,019;2,229;3,075;4,525;10,541;0,587;1,703
5;15;67;3008,269;26;1,098;4,018;2,64;0,019;2,309;3,234;4,848;5,279;0,382;2,621
5;15;68;3032,27;24,001;1,159;4,152;2,51;0,019;2,346;3,249;4,635;5,509;0,381;2,621
5;15;69;3057,27;25;1,235;3,928;2,11;-0,006;2,645;3,591;5,047;5,358;0;0
5;15;70;3085,27;28;1,221;4,183;2,8;-0,006;2,481;3,461;4,998;5,845;0;0
5;15;71;3107,27;22;1,095;4,247;2,05;0,026;2,127;2,98;4,351;5,13;0,409;2,447
5;15;72;3127,27;20;1,213;4,12;2,86;0,026;2,686;3,592;4,988;5,627;0,339;2,95
5;15;73;3149,27;22;1,248;4,024;2,67;0,026;2,619;3,514;4,96;11,26;0,348;2,871
5;15;74;3172,27;23;1,174;4,092;2,24;0,02;1,949;2,847;4,26;5,371;0,437;2,287
5;15;75;3190,271;18,001;1,279;4,129;2,28;0,02;2,572;3,488;4,877;5,737;0,362;2,762
5;15;76;3211,271;21;1,106;4,431;2,71;0,018;2,445;3,293;4,876;5,534;0,373;2,684
5;15;77;3231,271;20;1,262;3,828;2,29;0,008;2,21;3,071;4,68;5,543;0,408;2,451
5;15;78;3254,271;23;1,365;3,999;2,07;0,008;2,849;3,768;5,125;11,636;0,336;2,974
5;15;79;3279,272;25,001;1,268;4,263;2,65;0,002;2,827;3,715;5,173;6,11;0,347;2,885
5;15;80;3312,272;33;1,264;4,126;2,7;-0,008;2,445;3,365;4,839;6,201;0;0
5;15;81;3338,273;26,001;1,077;4,505;3,82;-0,008;2,611;3,56;5,304;6,159;0;0
5;15;82;3369,272;30,999;1,15;4,56;3,3;-0,009;2,341;3,25;4,919;5,996;0;0
5;15;83;3400,272;31;1,304;4,081;2,21;0,004;2,694;3,628;5,087;5,939;0,354;2,826
5;15;84;3429,273;29,001;1,192;4,321;2,58;0,004;2,448;3,451;5,106;6,114;0,373;2,684
5;15;85;3459,273;30;1,277;4,158;2,46;0,004;2,278;3,29;4,862;6,139;0,397;2,521
5;15;86;3485,273;26;1,396;4,191;2,15;0,012;2,664;3,626;5,177;6,321;0,356;2,812
5;15;87;3507,273;22;1,343;3,981;1,96;0,022;2,318;3,397;4,943;11,944;0,514;1,944
5;15;88;3537,274;30,001;1,186;4,162;2,72;0,022;2,57;3,627;5,446;5,966;0,344;2,907
5;15;89;3572,274;35;1,274;4,045;2,3;0,01;2,206;3,224;4,938;5,983;0,394;2,539
5;15;90;3595,274;23;1,185;4,438;2,27;0,03;2,687;3,723;5,614;5,8;0,329;3,039
5;15;91;3615,274;20;1,205;4,336;2,49;0,03;2,602;3,57;4,991;11,455;0,345;2,897
5;15;92;3642,275;27,001;1,166;4,462;2,64;0,009;2,513;3,52;5,146;6,264;0,361;2,771
5;15;93;3665,275;23;1,3;4,047;2,77;0,009;2,465;3,431;5,211;6,01;0,37;2,705
5;15;94;3689,275;24;1,19;4,167;3,36;0,007;2,59;3,544;5,127;5,673;0,354;2,828
5;15;95;3718,275;29;1,241;4,104;2,81;-0,006;2,659;3,648;5,312;5,932;0;0
5;15;96;3743,275;25;1,3;4,226;2,81;0,006;2,498;3,517;5;6,263;0,37;2,702
5;15;97;3768,276;25,001;1,27;4,251;3,44;0,006;2,367;3,363;4,951;6,576;0,378;2,645
5;15;98;3795,275;26,999;1,164;4,539;2,95;0,007;2,737;3,779;5,376;6,173;0,342;2,922
5;15;99;3818,275;23;1,215;4,347;2,67;0,007;2,561;3,539;5,376;12,146;0,356;2,808
5;15;100;3848,276;30,001;1,362;4,435;2,74;0,005;2,809;3,809;5,349;6,888;0,34;2,942
5;15;101;3877,276;29;1,202;4,442;2,57;0,014;2,797;3,727;5,276;11,424;0,449;2,227
5;15;102;3908,276;31;0,941;4,81;4,7;0,014;3,165;4,298;6,363;5,334;0,293;3,412
5;15;103;3931,277;23,001;1,178;4,313;3,15;0,011;2,515;3,489;4,909;5,668;0,366;2,729
5;15;104;3960,277;29;1,167;4,169;2,27;-0,002;2,26;3,178;4,825;5,662;0;0
5;15;105;3990,277;30;1,346;3,993;2,35;0,009;2,986;4,042;5,67;6,479;0,319;3,136
5;15;106;4025,277;35;1,256;4,137;2,89;0,009;2,497;3,515;5,059;6,209;0,365;2,737
5;15;107;4052,278;27,001;1,23;4,273;2,9;-0,001;2,858;3,791;5,436;5,943;0,343;2,916
5;15;108;4089,278;37;1,117;4,402;2,64;-0,008;3,205;4,353;5,992;6,03;0;0
5;15;109;4117,278;28;1,194;4,472;2,72;0,006;2,527;3,547;5,24;6,028;0,359;2,788
5;15;110;4150,278;33;1,021;4,559;2,88;0,006;3,221;4,129;5,859;5,631;0,304;3,291
5;15;111;4180,278;30;0,982;4,461;3,79;0,009;2,336;3,572;5,671;5,219;0,358;2,797
5;15;112;4207,279;27,001;1,09;4,534;2,31;0,009;3,18;4,278;5,99;10,927;0,298;3,358
5;15;113;4235,279;28;1,054;4,421;3,35;-0,008;2,505;3,52;5,229;5,442;0;0
5;15;114;4260,279;25;1,21;4,499;3,11;-0,003;2,847;3,875;5,676;6,13;0;0
5;15;115;4284,279;24;1,095;4,633;3,74;-0,003;3,076;4,237;6,221;6,03;0,308;3,248
5;15;116;4322,28;38,001;1,019;4,611;4,02;-0,01;2,26;3,316;5,716;6,204;0;0
5;15;117;4355,28;33;1,151;4,456;2,83;0,018;2,883;3,859;5,586;6,007;0,324;3,087
5;15;118;4380,28;25;1,206;4,314;2,98;0,018;2,738;3,717;5,269;5,998;0,332;3,009
5;15;119;4404,28;24;1,116;4,68;3,03;0;3,27;4,244;5,935;5,939;0,306;3,267
5;15;120;4441,281;37,001;1,21;4,707;3,15;-0,003;3,275;4,249;5,905;6,853;0;0
5;15;121;4478,281;37;1,145;4,747;2,91;0,008;3,134;4,288;6,192;6,363;0,297;3,364
5;15;122;4509,282;31,001;1,215;4,524;3,22;0,016;3,211;4,243;5,971;11,955;0,428;2,338
5;15;123;4533,281;23,999;1,082;4,409;3,14;0,016;2,387;3,401;5,086;5,619;0,364;2,744
5;15;124;4566,282;33,001;1,034;4,609;3,59;0,013;3,267;4,284;6,075;6,04;0,29;3,447
5;15;125;4600,282;34;1,245;4,48;2,96;0,013;2,389;3,418;5,029;12,458;0,374;2,672
5;15;126;4625,282;25;1,144;4,698;3,09;0,007;2,425;3,435;5,05;6,128;0,371;2,697
5;15;127;4671,282;46;1,065;4,645;4,15;-0,002;2,676;3,662;5,581;5,97;0;0
5;15;128;4701,282;30;1,23;4,491;3,35;-0,002;2,489;3,601;5,487;12,631;0;0
5;15;129;4752,283;51,001;1,307;4,496;2,71;-0,002;2,855;4,044;5,992;7,144;0;0
5;15;130;4792,284;40,001;1,224;4,781;2,56;-0,002;2,922;4,008;6,016;6,836;0,321;3,113
5;15;131;4849,284;57;1,068;5,142;2,84;-0,002;3,372;4,526;7,06;6,287;0;0
5;15;132;4877,284;28;1,274;4,723;2,38;0;2,765;3,963;6,122;6,866;0,325;3,079
5;15;133;4909,285;32,001;1,176;4,864;3,58;0;3,594;4,673;6,312;6,725;0,282;3,546
5;15;134;4942,338;33,053;1,181;4,607;3,06;-0,004;3,192;4,259;6,109;6,642;0,308;3,249
5;15;135;4977,285;34,947;1,197;4,787;3,46;-0,005;2,884;3,96;5,851;6,953;0;0
5;15;136;5010,285;33;1,094;4,561;2,24;0,049;3,062;4,204;5,762;10,457;0,488;2,047
5;15;137;5029,285;19;0,98;4,566;2,45;0,049;2,666;3,72;5,219;5,042;0,318;3,147
5;15;138;5056,286;27,001;1,127;4,607;2,99;0,031;2,968;4,193;6,327;5,883;0,291;3,434
5;15;139;5078,286;22;0,992;4,988;3,34;0,051;3,333;4,476;6,276;5,489;0,267;3,746
5;15;140;5096,286;18;1,261;4,514;2,74;0,051;3,246;4,246;5,917;6,294;0,275;3,633
5;15;141;5119,286;23;1,188;4,269;3,83;0,041;2,648;3,703;5,456;11,521;0,477;2,096
5;15;142;5151,286;32;0,99;4,94;3,97;0,041;3,305;4,351;5,899;5,575;0,275;3,631
5;15;143;5190,287;39,001;1,303;4,293;2,91;0,015;2,919;3,975;5,857;12,401;0,426;2,349
5;15;144;5220,287;30;1,017;4,677;3,11;0,015;2,956;4,17;6,143;5,9;0,297;3,368
5;15;145;5258,287;38;1,311;4,348;2,01;0,015;3,079;4,17;6,034;6,274;0,303;3,297
5;15;146;5288,287;30;1,051;4,716;4;0,008;2,741;3,801;5,566;6,127;0,334;2,99
5;15;147;5318,287;30;1,06;4,759;3,16;0,046;2,927;4,04;5,846;10,799;0,484;2,066
5;15;148;5342,288;24,001;0,995;4,565;2,93;0,046;2,81;3,766;5,249;5,086;0,312;3,21
5;15;149;5376,288;34;1,167;4,154;1,97;0,041;2,396;3,442;5,042;5,418;0,349;2,864
5;15;150;5403,288;27;1,311;4,126;2,4;0,041;2,468;3,484;5,009;11,463;0,349;2,866
5;15;151;5437,288;34;1,216;4,475;2,7;0,023;3,103;3,998;5,703;6,201;0,308;3,252
5;15;152;5466,289;29,001;1,198;4,095;2,33;0,023;2,423;3,489;5,128;5,684;0,361;2,772
5;15;153;5490,29;24,001;1,062;4,846;2,83;0,018;2,896;3,866;5,707;5,873;0,317;3,152
5;15;154;5524,289;33,999;1,234;4,516;3,3;0,018;3,238;4,242;5,83;6,346;0,298;3,354
5;15;155;5560,289;36;1,215;3,957;2,94;0,066;2,327;3,279;4,82;5,436;0,353;2,831
5;15;156;5579,29;19,001;1,146;4,191;2,24;0,066;3,142;4,003;5,439;5,296;0,272;3,673
5;15;157;5627,29;48;1,129;4,241;3,23;-0,001;2,339;3,456;5,5;6,113;0;0
5;15;158;5659,29;32;1,04;4,988;3,05;0,049;3,381;4,433;6,096;5,724;0,267;3,749
5;15;159;5688,29;29;0,901;4,879;3,43;0,049;2,939;3,921;6,228;5,279;0,279;3,589
5;15;160;5714,29;26;0,942;5,25;3,92;0,049;2,952;4,043;5,504;5,6;0,288;3,472
5;15;161;5747,291;33,001;1,075;4,643;2,9;0,024;2,758;3,835;5,679;5,861;0,317;3,158
5;15;162;5774,291;27;1,019;4,514;2,81;0,024;3,017;4,01;5,916;5,354;0,303;3,298
5;15;163;5803,291;29;1,128;4,344;2,95;0,024;2,385;3,358;4,872;5,701;0,368;2,72
5;15;164;5843,292;40,001;1,162;4,773;2,81;0,007;2,385;3,405;5,123;6,689;0,372;2,687
5;15;165;5879,292;36;1,194;4,363;2,83;0,007;2,645;3,658;5,412;12,62;0,349;2,862
5;15;166;5921,293;42,001;1,047;4,727;2,8;0,01;3,235;4,298;6,067;5,739;0,296;3,379
5;15;167;5950,292;28,999;1,272;4,548;2,95;0,01;2,704;3,811;5,597;12,538;0,335;2,984
5;15;168;5978,293;28,001;0,856;4,659;3,95;0,006;2,433;3,533;5,428;4,972;0,358;2,795
5;15;169;6009,293;31;1,221;4,545;2,27;0,011;3,359;4,522;6,386;6,45;0,283;3,528
5;15;170;6039,294;30,001;1,08;4,62;2,5;0,015;2,591;3,648;5,427;11,697;0,49;2,039
5;15;171;6075,294;36;1,055;4,637;3,44;0,015;2,453;3,65;5,65;6,07;0,346;2,892
5;15;172;6119,294;44;1,139;4,5;2,27;0,02;2,641;3,859;5,53;5,763;0,33;3,033
5;15;173;6171,295;52,001;0,935;5,201;3,03;0,02;2,782;3,941;6,991;5,771;0,295;3,392
5;15;174;6199,295;28;1,112;4,643;2,9;0,02;3,105;4,148;5,752;5,627;0,295;3,393
5;15;175;6238,295;39;1,085;5,021;3,64;0;2,561;3,641;5,723;6,266;0,352;2,842
5;15;176;6276,295;38;1,074;4,993;2,89;0,008;2,666;3,762;5,879;11,971;0,483;2,072
5;15;177;6306,296;30,001;1,069;4,566;2,97;0,008;2,66;3,725;5,556;5,847;0,342;2,925
5;15;178;6353,296;47;1,14;4,685;3,44;-0,015;2,843;3,888;5,88;13,206;0;0
5;15;179;6411,297;58,001;0,991;4,961;3,94;-0,015;2,854;3,933;6,371;6,815;0;0
5;15;180;6459,297;48;1,164;4,695;2,54;-0,015;2,74;3,956;6,103;6,518;0;0
5;15;181;6496,297;37;1,216;4,708;3,3;-0,005;3,071;4,299;6,365;6,959;0;0
5;15;182;6542,297;46;0,896;5,153;6,14;0,023;2,435;3,648;5,659;5,966;0,345;2,901
5;15;183;6586,298;44,001;1,032;5,113;3,3;0,023;3,664;4,827;6,821;12,465;0,257;3,887
5;15;184;6634,298;48;1,032;5,256;3,77;0,014;3,73;4,906;7,206;6,818;0,255;3,928
5;15;185;6682,299;48,001;1,25;5,03;2,55;0,004;2,783;3,97;6,285;7,884;0,322;3,105
5;15;186;6737,299;55;1,013;5,211;3,34;0,015;3,145;4,445;6,591;6,216;0,281;3,559
5;15;187;6773,299;36;1,273;4,601;3,04;0,015;2,95;4,35;6,671;6,98;0,293;3,412
5;15;188;6811,3;38,001;1,114;4,706;2,6;0,009;2,941;4,511;7,373;6,897;0,278;3,6
5;15;189;6860,3;49;1,307;4,684;2,63;0,02;2,921;4,137;6,28;7,109;0,303;3,297
5;15;190;6908,301;48,001;1,109;5,413;3,78;0,02;3,166;4,556;7,045;7,052;0,272;3,673
5;15;191;6939,3;30,999;1,145;5,196;3,15;0,031;3,696;4,851;6,717;6,707;0,257;3,885
5;15;192;6970,301;31,001;0,973;5,23;4,58;0,031;2,827;4,007;5,988;5,874;0,3;3,328
5;15;193;7025,302;55,001;1,256;4,563;2,55;0,031;3,183;4,507;6,563;6,813;0,277;3,612
5;15;194;7077,302;52;1,246;4,59;2,33;0,006;3,438;4,73;6,71;6,698;0,277;3,604
5;15;195;7121,302;44;1,039;5,378;3,15;0,016;3,581;4,678;6,63;12,365;0,383;2,612
5;15;196;7155,302;34;0,94;5,497;4,12;0,016;3,264;4,398;6,118;5,833;0,284;3,525
7;15;3;1639,258;86;1,901;8,42;4,76;0,049;6,079;9,195;15,657;20,81;0,136;7,338
7;15;4;1720,259;81,001;2,511;6,817;2,99;0,049;4,954;7,566;11,846;41,72;0,167;5,986
7;15;5;1796,26;76,001;2,686;6,59;2,23;0,038;4,446;6,806;10,595;21,182;0,188;5,325
7;15;6;1873,261;77,001;2,869;6,143;2,22;0,021;4,715;6,91;10,505;21,601;0,191;5,248
7;15;7;1937,26;63,999;2,82;5,891;2,15;0,022;4,265;6,374;10,036;20,757;0,203;4,93
7;15;8;2006,261;69,001;2,704;5,943;1,98;0,022;4,608;6,572;9,727;19,641;0,201;4,974
7;15;9;2070,262;64,001;2,821;5,665;1,69;0,013;4,622;6,615;9,852;18,845;0,202;4,942
7;15;10;2133,262;63;2,762;5,767;1,72;0,017;4,428;6,216;9,594;35,698;0,27;3,709
7;15;11;2185,262;52;2,643;5,49;1,58;0,017;4,089;5,939;8,952;17,083;0,221;4,521
7;15;12;2239,263;54,001;2,768;5,544;1,86;0,01;3,438;5,175;8,286;18,497;0,249;4,015
7;15;13;2297,264;58,001;2,914;5,423;1,87;0,01;3,919;5,755;8,643;19,116;0,23;4,348
7;15;14;2359,264;62;2,764;5,597;1,92;0,014;4,166;6,013;9,321;36,23;0,274;3,653
7;15;15;2422,264;63;2,694;5,74;1,66;0,014;4,348;6,077;9,001;17,97;0,217;4,615
7;15;16;2478,265;56,001;2,588;5,568;2,03;0,005;3,901;5,631;8,458;34,02;0,286;3,493
7;15;17;2537,266;59,001;2,543;5,516;2,11;0,005;3,412;5,069;8,248;17,035;0,249;4,008
7;15;18;2591,266;54;2,63;5,27;1,77;0,005;3,784;5,553;8,492;16,669;0,239;4,19
7;15;19;2655,267;64,001;2,495;5,454;1,97;0,005;3,831;5,573;8,608;16,067;0,235;4,254
7;15;20;2712,266;56,999;2,542;5,586;1,93;0,005;3,413;5,196;8,418;33,187;0,248;4,036
7;15;21;2771,268;59,002;2,518;5,319;1,89;0;3,658;5,345;8,341;16,661;0,246;4,069
7;15;22;2847,268;76;2,487;5,281;1,83;-0,005;3,455;5,345;8,368;15,988;0;0
7;15;23;2920,268;73;2,202;5,777;1,73;-0,005;3,44;5,274;8,643;15,627;0,246;4,068
7;15;24;2990,27;70,002;2,547;5,493;1,75;-0,005;4,157;5,983;9,25;17,291;0,22;4,54
7;15;25;3057,27;67;2,321;5,589;2,17;-0,009;3,835;5,719;8,685;15,792;0;0
7;15;26;3126,27;69;2,39;5,471;2,08;-0,014;3,652;5,502;8,559;31,762;0;0
7;15;27;3196,271;70,001;2,389;5,358;1,8;-0,014;4,023;5,864;8,925;15,315;0;0
7;15;28;3272,271;76;2,218;5,917;2,26;-0,012;4,517;6,326;9,457;15,58;0;0
7;15;29;3352,272;80,001;2,213;5,672;2,04;-0,008;4,147;6,108;9,64;15,553;0;0
7;15;30;3443,273;91,001;2,232;5,743;1,99;-0,008;3,573;5,377;8,772;31,146;0,241;4,146
7;15;31;3512,274;69,001;2,076;5,79;2,27;-0,01;3,777;5,674;9,205;15,544;0;0
7;15;32;3592,274;80;2,14;5,868;2,02;-0,011;3,717;5,661;9,182;15,56;0;0
9;15;17;3394,272;139,001;0,531;5,505;10,15;-0,003;3,482;5,547;9,367;5,814;0;0
9;15;18;3554,273;160,001;0,622;5,148;8,07;-0,003;4,156;5,664;9,207;7,834;0,231;4,332
9;15;19;3742,275;188,002;0,723;5,031;3,89;0,002;3,23;4,612;7,998;5,756;0,264;3,785
9;15;20;3831,276;89,001;0,69;4,911;3,68;0,002;3,32;4,896;8,791;5,751;0,257;3,898
9;15;21;4017,278;186,002;0,677;4,546;3,91;-0,003;3,284;4,708;7,913;6,135;0,273;3,658
9;15;22;4102,277;84,999;0,523;5,539;6,04;-0,003;3,724;5,379;8,354;4,815;0;0
9;15;23;4266,279;164,002;0,635;4,418;5,42;-0,003;2,995;4,4;7,963;6,404;0,285;3,511
9;15;24;4441,281;175,002;0,664;4,63;4,21;-0,01;2,969;4,347;8,481;6,182;0,289;3,462
9;15;25;4590,282;149,001;0,511;5,888;9,86;0,001;3,177;5,217;10,041;4,959;0,238;4,193
9;15;26;4658,283;68,001;0,682;4,318;5,68;0,001;2,443;3,813;6,35;10,248;0,337;2,971
10;15;26;2178,262;18;0,656;3,847;2,630;0,035;2,852;3,769;5,177;2,936;0,313;3,198
10;15;27;2200,262;22;0,759;3,528;2,660;0,016;1,936;2,811;4,464;3,253;0,425;2,356
10;15;28;2222,263;22,001;0,804;3,507;2,160;0,021;1,997;2,908;4,501;6,323;0,620;1,614
10;15;29;2244,263;22;0,646;3,658;3,730;0,021;2,795;3,747;5,228;3,000;0,319;3,135
10;15;30;2267,263;23;0,761;3,430;2,170;0,020;2,074;3,080;4,677;3,173;0,391;2,556
10;15;31;2293,263;26;0,695;3,653;2,040;0,020;2,709;3,688;5,419;3,098;0,321;3,115
10;15;32;2317,264;24,001;0,734;3,483;2,060;0,020;2,656;3,552;4,969;3,092;0,339;2,953
10;15;33;2344,264;27;0,712;3,386;1,800;0,036;2,503;3,373;4,842;2,732;0,345;2,895
10;15;34;2363,264;19;0,757;3,239;2,140;0,036;2,453;3,282;4,935;5,665;0,347;2,885
10;15;35;2391,264;28;0,715;3,591;2,290;0,015;2,301;3,213;4,717;2,966;0,381;2,622
10;15;36;2415,265;24,001;0,584;3,618;2,060;0,053;1,956;2,970;4,455;4,662;0,787;1,270
10;15;37;2429,265;14;0,562;3,654;2,890;0,053;2,024;2,774;3,875;2,262;0,374;2,677
10;15;38;2455,265;26;0,556;3,827;2,590;0,027;2,528;3,631;5,614;2,522;0,319;3,140
10;15;39;2475,265;20;0,605;3,460;1,880;0,027;2,472;3,387;5,031;2,447;0,337;2,969
10;15;40;2505,265;30;0,609;4,001;2,160;0,038;2,166;3,110;4,736;2,709;0,360;2,774
10;15;41;2525,265;20;0,601;3,453;2,500;0,038;1,585;2,322;3,588;2,413;0,478;2,092
10;15;42;2552,266;27,001;0,641;3,373;1,910;0,038;1,577;2,412;3,635;2,437;0,483;2,070
10;15;43;2580,266;28;0,748;3,560;2,670;-0,001;1,807;2,697;4,384;3,296;0,467;2,142
10;15;44;2604,266;24;0,680;3,574;2,650;-0,004;2,724;3,682;5,503;3,215;0,000;0,000
10;15;45;2629,267;25,001;0,564;4,118;1,890;0,031;2,759;3,897;5,442;2,520;0,305;3,274
10;15;46;2646,267;17;0,601;3,586;1,930;0,031;2,459;3,313;4,696;2,399;0,346;2,888
10;15;47;2667,267;21;0,603;3,560;2,790;0,015;1,934;2,937;4,878;2,623;0,405;2,469
10;15;48;2691,267;24;0,644;3,278;1,570;0,037;1,635;2,558;3,905;2,426;0,440;2,272
10;15;49;2707,267;16;0,531;3,735;2,590;0,037;1,768;2,594;3,793;2,244;0,433;2,311
10;15;50;2733,267;26;0,628;3,772;1,990;0,016;2,307;3,269;5,350;5,459;0,546;1,831
10;15;51;2757,267;24;0,622;3,488;2,550;0,016;2,074;3,043;5,520;2,756;0,366;2,734
10;15;52;2783,268;26,001;0,656;3,208;2,850;0,016;1,791;2,643;4,042;2,458;0,452;2,211
10;15;53;2807,268;24;0,741;3,474;2,280;-0,002;1,962;2,966;4,651;12,304;0,432;2,317
10;15;54;2836,268;29;0,730;3,545;1,960;-0,006;1,953;2,992;4,862;3,223;0,000;0,000
10;15;55;2860,268;24;0,707;3,550;2,880;-0,003;2,084;2,996;4,835;3,149;0,000;0,000
10;15;56;2894,268;34;0,761;3,456;1,810;-0,003;2,338;3,259;4,980;6,214;0,000;0,000
10;15;57;2921,268;27;0,585;4,093;2,620;-0,007;1,928;2,924;4,990;2,985;0,000;0,000
10;15;58;2948,268;27;0,638;3,703;2,350;-0,007;2,170;3,352;5,956;6,072;0,374;2,672
10;15;59;2975,269;27,001;0,712;3,420;2,430;0,007;2,066;2,960;4,593;2,775;0,415;2,407
10;15;60;3009,269;34;0,608;3,649;1,820;0,007;2,037;3,028;5,080;2,664;0,396;2,522
10;15;61;3030,269;21;0,670;3,568;1,930;0,007;1,849;2,860;4,642;5,489;0,431;2,323
10;15;62;3065,269;35;0,647;3,396;1,460;0,016;1,784;2,721;4,677;2,552;0,429;2,330
10;15;63;3083,27;18,001;0,596;4,029;2,730;0,016;2,501;3,490;5,293;2,696;0,348;2,871
10;15;64;3118,27;35;0,753;3,430;1,720;0,016;2,142;3,238;4,993;2,907;0,381;2,627
10;15;65;3146,27;28;0,778;3,757;1,860;-0,008;2,582;3,682;5,943;3,637;0,000;0,000
10;15;66;3179,271;33,001;0,663;3,546;2,050;0,015;1,993;3,044;4,759;2,810;0,388;2,580
10;15;67;3204,271;25;0,660;3,483;2,350;0,015;2,640;3,529;5,303;2,907;0,337;2,964
10;15;68;3237,272;33,001;0,602;3,856;2,910;-0,004;2,819;3,826;5,828;3,076;0,000;0,000
10;15;69;3276,272;39;0,696;3,822;2,410;-0,013;2,955;3,981;6,880;3,782;0,000;0,000
10;15;70;3321,272;45;0,742;3,508;2,000;-0,006;2,284;3,421;5,854;3,231;0,000;0,000
10;15;71;3349,272;28;0,646;3,921;2,110;-0,006;2,402;3,496;5,559;3,112;0,000;0,000
10;15;72;3390,272;41;0,700;3,946;2,570;-0,011;2,466;3,462;5,303;6,705;0,000;0,000
10;15;73;3425,272;35;0,639;3,787;3,410;-0,011;1,822;2,938;5,375;3,432;0,000;0,000
10;15;74;3467,273;42,001;0,696;3,842;1,980;-0,011;2,119;3,188;5,177;3,321;0,000;0,000
10;15;75;3501,273;34;0,702;3,833;1,960;-0,011;2,414;3,694;6,308;6,982;0,000;0,000
10;15;78;3609,274;48;0,613;4,352;2,99;-0,004;2,658;3,752;6,356;3,317;0;0
10;15;79;3641,274;32;0,69;3,958;2,93;-0,004;2,321;3,398;5,333;3,437;0;0
10;15;80;3685,274;44;0,589;4,197;3,4;-0,012;2,931;4,206;7,281;3,524;0;0
10;15;81;3743,275;58,001;0,699;4,184;2,46;0,003;2,66;3,876;6,25;11,208;0,472;2,118
10;15;85;3855,275;57,999;0,59;4,266;1,97;0,003;3,232;4,399;7,313;3,256;0,277;3,605
10;15;86;3891,276;36,001;0,612;4,23;2,65;0,003;3,105;4,286;6,755;6,479;0,292;3,421
10;15;87;3948,277;57,001;0,664;4,114;2,29;-0,007;3,186;4,379;6,956;3,75;0;0
10;15;88;3983,277;35;0,621;4,01;1,82;-0,003;2,723;3,88;6,704;3,161;0;0
10;15;89;4022,277;39;0,622;3,999;2,43;-0,003;3,018;4,36;7,061;6,733;0,286;3,492
10;15;90;4071,277;49;0,687;4,203;4,46;-0,003;2,827;4,134;6,48;3,934;0,311;3,214
10;15;91;4113,278;42,001;0,709;3,847;2,43;-0,005;2,812;3,956;6,234;14,568;0;0
10;15;92;4170,279;57,001;0,705;3,945;2,66;-0,01;2,542;3,877;6,545;3,764;0,337;2,967
10;15;97;4378,28;64,001;0,483;3,645;1,38;0,117;2,294;3,025;4,21;1,777;0,285;3,507
10;15;98;4444,281;66,001;0,571;4,152;3,25;0,005;2,785;4,362;10,024;3,407;0,27;3,708
10;15;99;4498,281;54;0,589;4,607;1,94;0,003;3,651;5,214;11,01;3,772;0,229;4,359
10;15;100;4566,282;68,001;0,501;5,995;4,9;0,003;3,591;5,313;11,553;4,768;0,237;4,218
10;15;101;4624,282;58;0,588;4,235;3,73;0;2,762;4,082;8,518;3,886;0,293;3,408
10;15;102;4701,282;77;0,605;4,512;3,23;0,001;3,537;5,011;12,099;4,32;0,243;4,123
10;15;103;4762,283;61,001;0,677;4,456;2,12;0,005;3,523;5,018;8,385;3,945;0,247;4,044
10;15;104;4849,284;87,001;0,55;4,685;3,28;0,005;2,981;4,893;11,26;3,887;0,244;4,091
10;15;105;4912,285;63,001;0,589;4,375;3,1;0,005;2,841;4,45;8,416;7,958;0,28;3,567
10;15;106;4974,285;62;0,575;4,656;3,71;0,003;3,234;4,716;10,554;4,197;0,255;3,923
10;15;107;5061,286;87,001;0,597;5,027;2,25;0;2,733;4,38;9,288;4,386;0,275;3,637
10;15;108;5146,287;85,001;0,652;4,416;3,12;0,008;2,851;4,753;8,559;12,625;0,349;2,863
10;15;111;5376,288;117,001;0,497;5,675;4,11;0,001;3,554;5,48;11,817;13,41;0,292;3,428
10;15;114;5607,29;126,001;0,51;4,09;1,38;0,108;2,782;4,059;5,797;2,197;0,227;4,407
10;15;115;5699,29;92;0,565;5,052;2,54;0,007;3,253;4,827;8,791;4,499;0,262;3,821
10;15;116;5790,291;91,001;0,455;5,825;3,85;0,004;3,942;6,526;13,559;3,925;0,186;5,365
10;15;117;5927,292;137,001;0,49;6,569;4,88;0,001;4,051;7,027;14,679;5,853;0,183;5,472
10;15;118;6027,294;100,002;0,506;5,256;4,33;0,001;3,985;6,221;11,6;9,972;0,205;4,883
12;15;11;1863,26;29;0,985;4,216;3,25;0,013;2,938;4,124;6,072;4,945;0,305;3,28
12;15;12;1886,26;23;1,034;4,281;3,69;0,013;2,212;3,225;4,906;5,413;0,388;2,575
12;15;13;1908,26;22;0,931;4,647;2,48;0,005;2,736;4,013;6,387;5,099;0,311;3,219
12;15;14;1931,261;23,001;0,898;4,477;3,47;0,006;2,915;3,964;5,861;4,835;0,315;3,178
12;15;15;1953,261;22;1,107;3,922;2,8;0,016;2,286;3,432;5,628;5,212;0,357;2,798
12;15;16;1976,261;23;0,98;4,127;4,75;0,016;2,287;3,288;5,214;5,13;0,368;2,719
12;15;17;2000,26;23,999;0,819;4,06;3,01;0,056;2,346;3,296;4,893;3,862;0,337;2,971
12;15;18;2018,262;18,002;0,916;4,039;2,72;0,056;2,563;3,441;4,855;4,024;0,33;3,034
12;15;19;2040,262;22;1,1;3,662;2,51;0,016;2,792;3,776;5,662;14,186;0,327;3,06
12;15;20;2064,262;24;1,116;3,744;2,43;0,021;2,175;3,158;4,829;4,801;0,387;2,585
12;15;21;2086,262;22;1,052;3,784;2,54;0,021;2,652;3,631;5,175;4,569;0,342;2,924
12;15;22;2107,262;21;1,04;3,684;1,79;0,057;2,016;2,89;4,59;4,258;0,386;2,589
12;15;23;2124,262;17;0,817;3,906;2,27;0,057;2,744;3,71;5,126;3,614;0,301;3,327
12;15;24;2145,262;21;0,886;4,348;2,9;0,057;2,375;3,379;4,797;4,257;0,34;2,943
12;15;25;2167,263;22,001;0,943;4,267;3,43;0,017;2,828;3,81;5,537;4,834;0,315;3,17
12;15;26;2188,262;20,999;0,809;4,46;2,47;0,044;3,06;4,194;5,992;4,019;0,275;3,638
12;15;27;2205,263;17,001;0,917;3,706;2,36;0,044;2,152;2,96;4,472;3,705;0,377;2,654
12;15;28;2224,263;19;0,922;3,85;2,7;0,012;2,739;3,743;5,474;4,203;0,334;2,995
12;15;29;2244,263;20;0,894;3,709;2,71;0,012;2,077;3,086;4,662;3,903;0,406;2,461
12;15;30;2266,264;22,001;0,842;4,022;2,7;-0,01;2,91;3,959;5,662;4,129;0;0
12;15;31;2294,264;28;1,044;3,557;2,08;0,013;2,411;3,263;4,857;4,187;0,377;2,65
12;15;32;2318,264;24;0,92;3,785;2,22;0,015;2,452;3,457;4,965;3,864;0,364;2,75
12;15;33;2337,264;19;0,773;4,336;3,04;0,015;2,445;3,454;5,358;3,884;0,353;2,834
12;15;34;2358,264;21;0,849;4,211;2,95;0,016;2,854;3,884;5,724;4,152;0,315;3,173
12;15;35;2379,264;21;0,963;3,591;3,05;0,016;2,203;3,003;4,492;8,093;0,406;2,466
12;15;36;2401,264;22;0,84;3,813;2,52;0,029;1,832;2,703;4,403;3,646;0,431;2,318
12;15;37;2419,265;18,001;0,947;3,576;2,1;0,029;1,748;2,603;3,878;7,481;0,465;2,152
12;15;38;2439,265;20;1,112;3,54;2,05;0,002;2,184;3,049;4,756;12,239;0,589;1,697
12;15;39;2459,264;19,999;0,943;3,494;3,59;0,012;2,454;3,365;4,877;3,957;0,371;2,693
12;15;40;2476,265;17,001;0,715;4,37;2,96;0,012;2,978;3,921;5,711;3,493;0,314;3,189
12;15;41;2500,265;24;0,696;4,269;2,13;0,032;2,924;3,868;5,178;3,222;0,309;3,239
12;15;42;2517,265;17;0,785;3,758;2,47;0,032;2,153;2,997;4,767;3,377;0,38;2,63
12;15;43;2537,266;20,001;0,801;3,94;2,48;0,016;2,185;2,933;4,405;3,536;0,409;2,444
12;15;44;2560,265;22,999;0,917;3,524;1,76;0,016;1,824;2,694;3,942;3,625;0,457;2,19
12;15;45;2577,266;17,001;0,693;4,453;2,48;0,011;2,644;3,642;5,447;3,454;0,333;3,006
12;15;46;2603,266;26;0,865;3,678;2,89;0,011;2,045;2,913;4,116;7,07;0,433;2,308
12;15;47;2621,267;18,001;0,708;3,69;3,46;0,01;1,908;2,835;4,212;3,125;0,439;2,279
12;15;48;2640,266;18,999;0,725;3,944;2,57;0,01;2,002;2,934;4,57;6,41;0,416;2,406
12;15;49;2661,266;21;0,91;3,734;3,24;-0,007;2,673;3,59;5,043;4,154;0;0
12;15;50;2685,267;24,001;0,861;3,826;3,09;-0,007;2,466;3,457;5,352;3,96;0;0
12;15;51;2713,267;28;0,7;3,72;2,08;0,027;1,972;2,857;4,504;2,898;0,406;2,462
12;15;52;2728,267;15;0,773;3,679;2,26;0,027;2,383;3,15;4,625;6,032;0,373;2,679
12;15;53;2750,268;22,001;0,794;3,972;2,78;0,008;2,515;3,376;4,956;3,683;0,362;2,766
12;15;54;2778,268;28;1,025;3,548;2,16;-0,006;1,856;2,678;4,196;15,511;0;0
12;15;55;2806,267;27,999;0,842;3,654;2,95;-0,01;2,048;2,947;4,566;3,862;0;0
12;15;56;2831,267;25;0,952;3,521;1,8;0,013;2,146;2,979;4,793;3,726;0,402;2,49
12;15;57;2855,268;24,001;0,732;4,109;2,84;0,013;1,871;2,73;4,687;3,598;0,434;2,303
12;15;58;2877,268;22;0,887;3,663;2,66;0,013;2,01;2,874;4,32;3,747;0,431;2,321
12;15;59;2902,268;25;0,647;4,589;3,59;0,01;3,157;4,23;5,97;3,415;0,297;3,362
12;15;60;2924,269;22,001;0,78;3,95;3,78;0,01;2,167;2,98;4,825;7,213;0,401;2,492
12;15;61;2946,269;22;0,613;5,133;4,64;-0,008;3,286;4,777;8,354;4,192;0;0
12;15;62;2980,269;34;0,828;3,741;3,75;-0,004;2,221;3,173;5,063;3,812;0;0
12;15;63;3006,27;26,001;0,767;4,631;3,51;-0,004;2,345;3,392;5,057;4,302;0;0
12;15;64;3033,269;26,999;0,814;3,966;2,71;0;1,744;2,693;4,491;3,823;0,468;2,135
12;15;65;3056,27;23,001;0,669;4,458;3,42;0,005;2,987;3,994;6,415;3,739;0,304;3,291
12;15;66;3090,27;34;0,901;3,722;2,57;0,005;2,738;3,623;4,985;7,812;0,349;2,868
12;15;67;3117,27;27;0,736;4,147;3,22;-0,013;2,846;3,968;6,175;3,972;0,326;3,065
12;15;68;3141,27;24;0,682;4,659;3,5;-0,007;2,567;3,536;5,675;3,882;0;0
12;15;69;3172,27;31;0,805;3,937;2,97;-0,007;2,583;3,52;5,133;3,754;0;0
12;15;70;3208,271;36,001;0,971;3,615;1,8;0,002;1,887;2,771;4,284;3,95;0,456;2,191
12;15;71;3240,271;32;0,818;3,866;2,82;0,002;2,35;3,263;5,375;3,792;0,376;2,663
12;15;72;3266,271;26;0,882;3,477;2,09;0,008;2,628;3,577;5,299;3,86;0,349;2,867
12;15;73;3290,271;24;0,854;3,712;2,26;0,01;2,826;3,783;5,127;7,533;0,471;2,124
12;15;74;3313,271;23;0,716;4,371;3,78;0,01;2,885;3,815;5,508;3,825;0,318;3,141
12;15;75;3336,272;23,001;0,608;4,675;2,98;0,008;3,011;4,021;7,424;3,403;0,287;3,481
12;15;76;3363,272;27;0,533;5,281;5,27;0,015;3,06;4,072;5,568;3,554;0,29;3,453
12;15;77;3390,272;27;0,637;4,104;3,33;0,015;2,727;3,617;5,047;3,074;0,34;2,939
12;15;78;3422,272;32;0,502;5,624;6;0,007;2,58;3,609;4,938;3,391;0,35;2,861
12;15;79;3448,273;26,001;0,678;4,289;5,21;-0,003;2,877;3,784;6,41;3,752;0,319;3,13
12;15;80;3476,273;28;0,661;3,782;2,2;0,026;2,26;3,315;4,926;5,664;0,529;1,889
12;15;81;3507,273;31;0,578;3,784;3,81;0,026;1,82;2,66;4,045;2,814;0,438;2,283
12;15;82;3541,273;34;0,864;3,754;2,91;-0,001;2,378;3,278;4,921;3,939;0;0
12;15;83;3566,274;25,001;0,618;4,435;7,05;-0,001;2,402;3,35;5,325;3,806;0,374;2,675
13;15;22;2934,269;57,001;0,859;6,06;3,17;0,018;4,148;5,353;7,092;6,494;0,237;4,217
13;15;23;3017,269;83;0,938;5,984;2,55;0,031;3,612;5,027;8,68;6,961;0,251;3,989
13;15;24;3076,27;59,001;0,899;5,613;3,69;0,031;3,228;4,46;6,286;5,707;0,278;3,597
13;15;25;3156,27;80;0,777;6,139;2,43;0,014;3,797;4,955;6,611;4,922;0,244;4,097
13;15;26;3226,271;70,001;0,668;6,523;5,1;0,004;3,823;5,063;7,762;5,816;0,251;3,977
13;15;27;3295,271;69;0,866;6,268;3,84;0,009;3,853;4,965;7,043;6,355;0,253;3,948
13;15;28;3337,272;42,001;0,869;5,51;3,18;0,009;2,906;3,982;5,862;12,056;0,311;3,217
13;15;29;3426,273;89,001;0,896;6,426;4,1;0,009;4,23;5,494;7,4;20,05;0,244;4,096
13;15;30;3542,273;116;0,897;5,263;3,42;0,009;3,74;4,854;6,662;5,91;0,264;3,795
13;15;31;3614,274;72,001;0,903;5,613;2,93;0,009;3,259;4,536;6,274;7,065;0,294;3,407
13;15;32;3688,274;74;0,785;5,885;3,55;0,004;3,076;4,455;6,891;6,075;0,293;3,413
13;15;33;3752,275;64,001;1,014;4,613;3,76;0,004;3,082;4,197;5,858;5,613;0,312;3,202
13;15;34;3884,277;132,002;0,896;5,745;3,86;-0,006;3,53;4,683;6,715;8,078;0;0
13;15;35;4004,277;120;0,902;5,317;3,8;-0,006;3,287;4,543;6,418;6,169;0;0
13;15;36;4090,278;86,001;0,964;5,346;3,78;0,008;3,538;4,955;7,067;6,925;0,272;3,674
13;15;37;4194,278;104;0,968;5,313;2,37;0,008;3,497;4,657;6,365;12,892;0,283;3,539
13;15;38;4271,279;77,001;0,922;5,39;2,99;0,002;3,605;4,801;6,557;5,976;0,277;3,612
13;15;39;4355,28;84,001;0,996;5,746;2,09;0,005;4,046;5,436;7,634;7,602;0,238;4,196
13;15;40;4417,28;62;0,994;5,299;3,3;0,005;3,686;5,025;6,872;12,763;0,33;3,03
13;15;41;4474,281;57,001;0,931;5,144;3,26;0,005;3,65;4,749;6,378;6,067;0,274;3,648
13;15;42;4560,282;86,001;0,988;5,07;2,26;0,006;2,91;3,97;5,667;6,298;0,324;3,088
13;15;43;4636,282;76;0,947;4,793;3,53;0,006;3,214;4,159;5,847;6,698;0,303;3,297
13;15;44;4756,284;120,002;1,059;5,21;2,82;0,006;3,673;4,747;6,509;6,258;0,276;3,625
13;15;45;4850,284;94;1,152;4,44;1,68;0,001;2,844;4,075;5,75;6,736;0,325;3,079
13;15;46;4913,285;63,001;0,983;5,342;2,29;0,001;3,681;4,809;6,855;6,951;0,265;3,781
13;15;47;5018,285;105;0,985;4,992;2,15;0,011;2,999;4,193;5,895;6,982;0,315;3,172
13;15;48;5091,285;73;0,915;5,308;2,51;0,012;3,361;4,583;6,27;6,607;0,299;3,347
13;15;49;5162,286;71,001;1,114;4,784;1,63;0,012;3,193;4,298;5,932;6,579;0,308;3,25
13;15;50;5282,288;120,002;1,012;4,817;2,59;0,01;2,861;4,099;6,057;6,358;0,312;3,21
13;15;51;5364,288;82;0,907;5,713;3,62;0,01;3,177;4,338;6,121;7,399;0,298;3,355
13;15;52;5449,289;85,001;1,106;4,978;3,24;0,005;3,258;4,442;6,272;7,49;0,302;3,307
13;15;53;5554,289;105;1,059;4,882;2,95;0,001;2,779;3,816;5,802;6,773;0,332;3,016
13;15;54;5630,291;76,002;0,8;6,311;5,13;0,001;4,411;5,607;7,609;6,634;0,234;4,28
13;15;55;5744,291;114;0,955;5,722;2,84;0,001;3,764;4,85;6,545;14,77;0,268;3,732
13;15;56;5859,292;115,001;0,841;5,419;3,96;-0,002;3,659;4,855;6,882;5,654;0,267;3,748
13;15;57;5978,293;119,001;0,956;4,985;3,65;-0,004;3,373;4,56;6,367;6,786;0;0
13;15;58;6054,293;76;0,91;5,153;3,22;-0,004;3,519;4,66;6,432;6,864;0;0
13;15;59;6199,295;145,002;0,934;5,562;3,67;0,018;2,987;4,23;5,897;5,871;0,302;3,313
13;15;60;6250,295;51;0,793;6,036;4,77;0,018;4,085;5,263;7,214;6,251;0,249;4,012
13;15;61;6322,296;72,001;0,858;5,061;4,07;0,018;3,655;5,081;7,106;5,511;0,25;3,998
13;15;62;6433,296;111;0,848;5,414;4,21;0,005;3,059;4,337;5,983;6,559;0,302;3,316
13;15;63;6535,297;102,001;0,758;6,236;2,88;0,028;3,61;4,758;6,975;5,561;0,269;3,715
13;15;64;6580,298;45,001;0,824;5,891;3,4;0,028;4,347;5,885;8,718;5,89;0,209;4,794
13;15;65;6646,298;66;1,13;5,352;1,97;0,01;3,589;4,874;6,796;7,671;0,269;3,713
13;15;66;6732,299;86,001;0,935;5,016;6,17;0,005;3,222;4,43;6,235;7,024;0,294;3,404
13;15;67;6831,3;99,001;0,992;5,05;3,29;0,005;3,567;4,651;6,426;13,753;0,327;3,061
13;15;68;6926,3;95;0,972;5,419;4,57;0,005;3,697;4,781;6,689;7,481;0,267;3,748
13;15;69;7058,301;132,001;1,176;4,391;1,99;0;2,748;3,865;5,519;6,907;0;0
13;15;70;7154,302;96,001;0,982;5,099;6,4;0;2,984;4,064;5,79;7,186;0,322;3,101
14;15;4;1889,26;67;0,95;5,607;2,83;0,023;4,053;5,643;7,868;6,723;0,224;4,463
14;15;5;1962,261;73,001;0,947;5,502;2,04;0,024;4,092;5,557;7,831;12,081;0,282;3,545
14;15;6;2039,261;77;0,877;5,486;3,06;0,024;4,096;5,484;7,714;6,049;0,227;4,413
14;15;7;2126,262;87,001;0,977;4,778;2,16;0,017;3,694;4,9;6,944;6,12;0,258;3,871
14;15;8;2195,263;69,001;1,07;4,579;1,8;0,017;3,646;4,994;6,968;12,387;0,26;3,851
14;15;9;2269,264;74,001;1,013;4,701;1,25;0,012;3,207;4,317;5,898;5,357;0,299;3,342
14;15;10;2328,264;59;0,956;4,63;2,24;0,01;2,981;4,097;5,825;5,496;0,309;3,234
14;15;11;2410,264;82;0,991;4,345;1,48;0,009;2,914;4,061;5,737;5,311;0,318;3,148
14;15;12;2474,265;64,001;1,177;4,117;1,51;0,009;3,39;4,537;6,31;5,828;0,288;3,476
14;15;13;2560,265;86;1,037;4,345;1,59;0,002;2,899;3,916;5,513;6,064;0,333;3,003
14;15;14;2635,267;75,002;0,98;4,405;1,41;-0,002;2,785;3,811;5,351;6,142;0,346;2,887
14;15;15;2731,267;96;1,109;4,111;1,23;0;2,591;3,644;5,305;5,608;0,358;2,794
14;15;16;2796,268;65,001;1,014;4,45;1,5;0;2,688;3,727;5,212;5,475;0,354;2,828
14;15;17;2861,268;65;1,057;3,893;1,71;0;2,942;3,878;5,414;10,329;0,336;2,975
14;15;18;2921,268;60;0,974;4,252;2,38;-0,005;2,881;3,914;5,474;5,238;0;0
14;15;19;2977,269;56,001;1,081;4,018;1,68;-0,008;2,879;3,875;5,384;10,75;0,369;2,711
14;15;20;3065,269;88;1,007;3,931;2,11;-0,008;2,223;3,146;4,586;5,548;0,423;2,366
14;15;21;3153,27;88,001;1,11;3,932;1,8;-0,005;2,747;3,751;5,233;5,167;0;0
14;15;22;3255,271;102,001;1,056;3,931;2,1;-0,005;2,215;3,078;4,53;5,739;0,425;2,354
14;15;23;3359,272;104,001;1,066;4,163;1,84;-0,008;2,785;3,802;5,213;5,342;0;0
14;15;24;3439,273;80,001;1,017;4,109;1,67;-0,003;2,607;3,653;5,268;9,682;0,424;2,358
14;15;25;3486,273;47;0,967;4,083;1,87;-0,003;2,795;3,765;5,394;4,828;0,344;2,903
14;15;26;3579,274;93,001;1,083;3,857;1,26;-0,003;2,224;3,184;4,7;5,007;0,412;2,428
14;15;27;3658,275;79,001;1,038;3,98;1,35;-0,004;2,382;3,373;4,823;5,617;0,393;2,547
14;15;28;3725,274;66,999;1,066;3,763;1,69;-0,005;2,938;3,916;5,462;5,525;0,333;3,006
14;15;29;3803,276;78,002;1,097;4,008;1,88;-0,002;2,68;3,62;5,112;5,36;0;0
14;15;30;3874,276;71;0,962;4,457;2,04;0,002;2,489;3,429;4,827;10,371;0,432;2,312
14;15;31;3954,277;80,001;0,892;4,219;1,81;0,002;3,259;4,185;5,666;5,185;0,308;3,242
14;15;32;4045,278;91,001;1,05;3,966;1,79;-0,002;3,077;3,981;5,419;5,472;0,327;3,059
14;15;33;4111,278;66;1,029;4,017;1,8;-0,006;2,686;3,766;5,316;6,014;0;0
14;15;34;4208,279;97,001;1,138;3,778;1,58;-0,002;3,072;4,118;5,555;5,983;0;0
15;15;2;1924,329;155,069;0,807;13,862;23,28;0,017;7,742;13,348;19,437;16,574;0,099;10,088
15;15;3;2114,262;189,933;1,101;8,871;6,38;0,017;6,104;10,702;19,482;14,54;0,111;8,984
15;15;4;2239,263;125,001;1,451;6,359;4,74;-0,003;4,529;6,593;11,127;12,932;0,193;5,187
15;15;5;2456,265;217,002;1,452;6,736;3,31;0;5,174;7,346;11,756;14,188;0;0
15;15;6;2617,266;161,001;1,332;7,293;5,21;0;4,466;7,282;12,139;16,76;0,182;5,51
15;15;7;2754,267;137,001;1,255;6,981;5,38;0;4,292;6,534;11,409;14,081;0,196;5,107
15;15;8;2952,269;198,002;1,549;6,231;4,76;0,001;3,801;5,827;9,858;29,766;0,243;4,122
15;15;9;3138,27;186,001;1,48;6,452;3,42;0,001;4,132;6,162;11,131;13,866;0,205;4,887
15;15;10;3371,273;233,003;1,412;6,264;3,26;0,002;4,375;6,68;14,369;15,777;0,179;5,601
15;15;11;3611,274;240,001;1,215;6,683;5,03;0,002;4,178;6,471;12,898;15,663;0,185;5,403
17;15;11;1610,258;27;1,02;3,769;1,12;0,035;2,182;3,184;4,673;4,331;0,38;2,632
17;15;12;1634,259;24,001;1,113;3,422;1,35;0,035;2,707;3,675;5,054;8,661;0,333;3
17;15;13;1658,259;24;1,038;3,705;1,48;0,031;2,424;3,345;4,713;4,156;0,368;2,717
17;15;14;1682,258;23,999;1,113;3,492;1,52;0,022;2,225;3,243;4,755;4,369;0,387;2,586
17;15;15;1707,259;25,001;1,02;3,527;0,95;0,021;2,006;2,989;4,326;4,043;0,418;2,39
17;15;16;1729,259;22;1,11;3,601;1,25;0,016;2,214;3,16;4,585;4,314;0,402;2,485
17;15;17;1750,26;21,001;1,052;3,484;1,47;0,016;2,227;3,155;4,593;3,991;0,392;2,551
17;15;18;1771,259;20,999;0,988;3,582;1,06;0,01;2,031;2,924;4,172;4,035;0,435;2,3
17;15;19;1789,259;18;1,019;3,157;1,45;0,016;2,298;3,157;4,584;3,534;0,397;2,516
17;15;20;1806,259;17;1,061;3,313;1,33;0,016;2,009;2,864;4,201;7,241;0,439;2,28
17;15;21;1824,26;18,001;1,008;3,33;1,41;0,003;2,039;2,847;4,182;3,586;0,451;2,216
17;15;22;1842,259;17,999;1,04;3,363;0,92;0;2,781;3,663;4,922;3,897;0,355;2,813
17;15;23;1861,26;19,001;1,052;3,15;1,04;0;2,527;3,392;4,677;7,582;0,385;2,6
17;15;24;1880,26;19;0,905;3,536;1,05;-0,001;2,039;2,789;3,948;3,414;0,457;2,189
17;15;25;1899,26;19;1,002;3,361;1,38;-0,003;2,119;2,897;4,152;3,522;0;0
17;15;26;1917,26;18;1,006;3,368;1,47;-0,002;2,261;2,996;4,284;3,543;0;0
17;15;27;1934,26;17;0,982;3,285;1,49;0,001;2,323;3,148;4,455;3,501;0,413;2,419
17;15;28;1952,261;18,001;0,994;3,076;1,31;0,001;2,38;3,219;4,46;6,925;0,406;2,46
17;15;29;1969,261;17;1,03;3,204;1,54;0,004;2,14;2,944;3,993;3,548;0,44;2,27
17;15;30;1986,262;17,001;0,981;3,186;0,98;0,004;2,587;3,355;4,558;3,465;0,379;2,636
17;15;31;2003,261;16,999;1,021;2,922;1,08;0,005;2,29;3,047;4,139;3,3;0,422;2,369
17;15;32;2020,261;17;0,999;2,918;1,36;0,005;2,175;3,037;4,178;3,266;0,423;2,365
17;15;33;2037,262;17,001;0,924;3,268;1,04;0;2,65;3,42;4,574;3,364;0;0
17;15;34;2053,261;15,999;0,983;3,071;1,07;0,007;2,443;3,159;4,327;3,327;0,4;2,499
17;15;35;2069,261;16;1,004;2,839;1,45;0,007;2,047;2,828;3,94;3,19;0,451;2,215
17;15;36;2085,262;16,001;0,973;3,042;1,48;0,007;1,969;2,745;3,881;3,197;0,466;2,148
17;15;37;2101,262;16;0,97;3,19;1,39;0,008;1,905;2,666;3,815;3,273;0,476;2,099
17;15;38;2117,262;16;1,009;2,794;1,56;0,01;1,933;2,684;3,852;3,173;0,471;2,121
17;15;39;2132,262;15;0,951;3,109;0,93;0,01;2,526;3,247;4,297;3,265;0,39;2,565
17;15;40;2149,262;17;1,001;3,034;1,5;0,009;1,891;2,632;3,733;3,203;0,486;2,059
17;15;41;2164,262;15;0,959;2,953;1,01;0,02;2,338;3,041;4,232;3,073;0,402;2,489
17;15;42;2180,263;16,001;0,993;3,019;1,46;0,02;1,805;2,522;3,59;3,183;0,495;2,02
17;15;43;2196,263;16;0,984;2,871;0,96;0,014;2,272;2,911;4,045;3,073;0,414;2,418
17;15;44;2214,263;18;0,975;3,197;1,09;0,009;1,741;2,498;3,687;3,397;0,511;1,958
17;15;45;2232,263;18;0,916;3,205;0,92;0,012;1,644;2,359;3,459;6,203;0,84;1,19
17;15;46;2248,263;16;0,911;3,102;0,91;0,012;1,573;2,262;3,324;3,022;0,559;1,788
17;15;47;2263,263;15;0,989;2,813;1,11;0,003;2,166;2,874;3,997;3,077;0,437;2,287
17;15;48;2280,263;17;1,051;3,127;1,41;0,003;1,884;2,673;3,81;3,553;0,481;2,078
17;15;49;2297,264;17,001;0,979;2,878;1,61;0,002;1,881;2,642;3,791;3,17;0,487;2,052
17;15;50;2314,264;17;1,059;2,731;1,14;0,006;2,065;2,756;3,826;3,193;0,46;2,173
17;15;51;2332,264;18;0,999;3,139;1,45;0,006;1,935;2,681;3,815;3,306;0,481;2,079
17;15;52;2349,264;17;1,015;2,875;1,48;0,006;1,791;2,549;3,703;3,15;0,506;1,977
17;15;53;2366,264;17;0,967;3,203;0,97;0,015;1,702;2,393;3,427;3,249;0,529;1,89
17;15;54;2381,264;15;0,95;3,228;1,05;0,015;1,769;2,519;3,65;3,264;0,494;2,024
17;15;55;2397,264;16;0,944;3,206;1,17;0,016;1,81;2,536;3,595;3,182;0,497;2,01
17;15;56;2413,264;16;0,988;2,947;1,04;0,016;2,319;2,996;4,079;3,186;0,409;2,445
17;15;57;2431,264;18;1,037;2,925;1,5;0,006;1,82;2,616;3,793;3,277;0,491;2,035
17;15;58;2448,265;17,001;1,017;2,856;0,98;-0,001;2,251;2,936;4,11;6,507;0,583;1,715
17;15;59;2466,265;18;0,996;2,978;1,44;-0,001;1,845;2,627;3,807;3,196;0,494;2,024
17;15;60;2482,265;16;0,913;3,14;0,97;-0,004;2,543;3,246;4,422;3,189;0,391;2,559
17;15;61;2498,265;16;0,925;3,143;0,91;0;2,569;3,334;4,517;3,164;0,385;2,595
17;15;62;2515,265;17;0,984;3,148;0,87;0,008;1,619;2,361;3,511;6,396;0,814;1,229
17;15;63;2530,265;15;0,979;2,799;1,03;0,008;2,176;2,857;3,939;3,055;0,435;2,296
17;15;64;2547,265;17;0,939;3,053;1,17;0,002;2,402;3,039;4,018;3,212;0,41;2,44
17;15;65;2564,265;17;0,994;2,845;1,04;0,002;2,218;2,961;4,164;3,088;0,425;2,352
17;15;66;2581,266;17,001;0,955;3,127;1,55;-0,008;1,958;2,748;3,935;3,262;0;0
17;15;67;2598,266;17;0,962;3,155;1,33;-0,008;1,859;2,647;3,774;3,229;0;0
17;15;68;2613,266;15;0,963;3,248;1;-0,008;1,706;2,436;3,583;6,636;0,541;1,849
17;15;69;2630,33;17,064;0,96;3,036;1,34;-0,005;1,671;2,412;3,521;3,053;0;0
17;15;70;2646,267;15,937;0,955;3,07;1,26;-0,005;1,693;2,423;3,577;3,161;0;0
17;15;71;2663,267;17;0,959;3,1;0,96;-0,005;2,505;3,227;4,334;3,309;0,403;2,481
17;15;72;2680,266;16,999;0,925;3,007;0,96;-0,003;2,412;3,108;4,222;3,083;0;0
17;15;73;2697,266;17;0,957;3,058;0,98;0;2,456;3,138;4,131;3,188;0,411;2,431
17;15;74;2714,267;17,001;0,967;2,944;0,98;0;2,341;3,032;4,024;6,348;0,422;2,369
17;15;75;2731,267;17;0,881;3,084;0,97;0,006;2,505;3,203;4,393;3,005;0,393;2,541
17;15;76;2748,267;17;1,002;2,969;1,44;0,006;1,838;2,661;3,756;6,204;0,49;2,043
17;15;77;2766,267;18;0,897;3,192;1,01;0,002;1,599;2,346;3,638;3,245;0,546;1,833
17;15;78;2784,268;18,001;0,964;3,006;1,05;0,01;2,384;3,145;4,239;3,178;0,402;2,488
17;15;79;2801,268;17;0,939;3,114;1,42;0,01;1,86;2,62;3,716;3,088;0,486;2,058
17;15;80;2819,268;18;0,989;2,836;1,5;0,01;1,857;2,55;3,648;3,018;0,488;2,051
17;15;81;2836,268;17;1,08;2,718;1,44;0,002;1,962;2,743;3,896;16,282;0,467;2,142
17;15;82;2853,268;17;1,011;3,004;1,11;0,013;2,361;3,088;4,166;3,359;0,409;2,446
17;15;83;2870,268;17;1,076;2,934;0,98;0,013;2,33;2,984;4,062;3,454;0,394;2,536
17;15;84;2887,269;17,001;0,962;3,125;0,95;0,007;2,535;3,237;4,228;3,338;0,383;2,608
17;15;85;2905,269;18;0,963;3,041;0,89;0,002;2,471;3,159;4,321;3,237;0,396;2,525
17;15;86;2922,268;16,999;1,065;2,933;1,23;0,002;2,26;2,975;4,111;6,725;0,431;2,32
17;15;87;2940,269;18,001;0,996;2,785;1,41;-0,001;2,036;2,742;3,892;6,263;0,655;1,527
17;15;88;2957,269;17;0,94;2,999;1,02;-0,001;1,484;2,121;3,319;3,121;0,599;1,669
17;15;89;2972,269;15;1,039;2,868;1,31;-0,001;2,177;2,874;3,924;3,288;0,447;2,236
17;15;90;2992,269;20;0,97;3,147;0,95;-0,005;1,562;2,244;3,361;3,392;0;0
17;15;91;3008,269;16;0,954;3,036;0,94;-0,004;2,448;3,09;4,177;3,177;0;0
17;15;92;3029,269;21;0,979;3,122;1,02;0;1,647;2,385;3,507;6,553;0,819;1,22
17;15;93;3046,27;17,001;0,957;3,076;0,98;0;1,549;2,297;3,398;3,219;0,571;1,751
17;15;94;3062,27;16;1,028;2,759;1,28;0;2,062;2,792;3,839;3,151;0,461;2,169
17;15;95;3081,269;18,999;0,989;2,973;1,44;-0,003;2,194;2,88;3,923;6,493;0,645;1,55
17;15;96;3098,269;17;0,961;3,175;1,04;-0,003;1,674;2,382;3,493;3,273;0,543;1,84
17;15;97;3115,27;17,001;0,965;3,029;1,06;-0,008;2,4;3,074;4,385;3,215;0;0
17;15;98;3134,27;19;0,969;2,935;0,96;-0,007;2,339;2,974;4,086;3,225;0;0
17;15;99;3154,27;20;0,982;3,013;1,44;-0,003;1,783;2,518;3,602;3,126;0;0
17;15;100;3172,27;18;0,94;3,126;0,92;-0,001;2,547;3,218;4,391;3,219;0;0
17;15;101;3189,271;17,001;1,049;2,681;1,48;0,006;1,814;2,537;3,584;3,163;0,51;1,962
17;15;102;3207,271;18;1,033;3,13;1,21;0,007;1,703;2,422;3,526;3,507;0,53;1,887
17;15;103;3225,271;18;0,997;3,093;1,56;0,007;1,996;2,724;3,819;3,326;0,458;2,184
17;15;104;3243,271;18;0,998;3,165;1,25;0;1,759;2,493;3,628;3,483;0,52;1,923
17;15;105;3261,271;18;1,042;2,761;1,49;0,004;1,998;2,716;3,811;6,56;0,634;1,577
17;15;106;3281,271;20;0,97;3,128;1,34;0,004;1,759;2,521;3,676;3,329;0,511;1,956
17;15;107;3300,271;19;1,069;2,692;1,46;0,01;1,877;2,628;3,73;3,203;0,487;2,052
17;15;108;3318,272;18,001;0,956;3,069;1,07;0,01;2,442;3,149;4,178;3,298;0,399;2,503
17;15;109;3337,272;19;1,028;2,799;1,48;0,01;2,05;2,765;3,844;6,514;0,451;2,217
17;15;110;3357,272;20;0,979;3,073;1,1;0,01;1,607;2,318;3,428;3,329;0,549;1,822
17;15;111;3376,272;19;1,048;2,697;1,08;0,011;2,055;2,78;3,89;3,191;0,454;2,204
17;15;112;3394,272;18;0,933;3,165;1,37;0,011;1,807;2,519;3,559;3,151;0,504;1,984
17;15;113;3411,273;17,001;0,9;2,98;0,98;0,011;2,38;2,975;4,018;3,033;0,405;2,471
17;15;114;3430,272;18,999;0,899;3,17;0,92;0,015;2,592;3,303;4,405;3,239;0,375;2,666
17;15;115;3449,272;19;1,011;3,102;1,24;0,015;1,697;2,426;3,553;6,607;0,517;1,932
17;15;116;3466,273;17,001;0,949;3,141;1,07;0,011;1,608;2,304;3,402;3,289;0,548;1,824
17;15;117;3487,273;21;1,023;2,823;1,63;0,01;1,781;2,497;3,582;3,251;0,51;1,959
17;15;118;3506,273;19;1,09;2,973;1,54;0,014;1,905;2,642;3,768;7,066;0,662;1,512
17;15;119;3525,273;19;1,068;3,026;1,48;0,014;1,895;2,633;3,8;3,513;0,476;2,099
17;15;120;3542,273;17;1,058;3,114;1,25;0,009;1,699;2,444;3,607;3,618;0,522;1,914
17;15;121;3562,273;20;1,029;3,007;0,96;0,02;2,412;3,116;4,131;3,389;0,398;2,511
17;15;122;3580,273;18;1,009;3,083;1,02;0,02;2,47;3,119;4,014;3,39;0,372;2,687
17;15;123;3602,274;22,001;1,007;3,238;0,99;0,01;1,664;2,411;3,611;3,652;0,526;1,902
17;15;124;3621,274;19;1,173;2,731;1,59;0,01;1,902;2,658;3,78;3,73;0,476;2,099
17;15;125;3640,274;19;1,053;3,236;1,31;0,008;1,783;2,532;3,714;3,762;0,503;1,989
17;15;126;3660,274;20;1,079;3,116;1,59;0,008;1,886;2,603;3,704;3,663;0,491;2,035
17;15;127;3680,275;20,001;1,115;2,821;1,55;0,007;1,941;2,682;3,776;3,593;0,477;2,096
17;15;128;3700,275;20;1,027;3,048;1,12;0,006;1,523;2,238;3,312;3,481;0,579;1,726
17;15;129;3719,275;19;1,114;3,04;1,07;0,006;2,415;3,118;4,284;3,856;0,401;2,494
17;15;130;3739,275;20;1,06;3,017;0,98;0,01;2,417;3,067;4,155;3,574;0,403;2,478
17;15;131;3759,275;20;1,17;2,721;1,39;0,01;1,979;2,722;3,75;7,131;0,468;2,135
17;15;132;3780,275;21;1,065;3,083;1,47;-0,002;1,832;2,597;3,783;3,614;0,502;1,993
17;15;133;3800,276;20,001;1,16;2,871;1,49;-0,002;2,135;2,846;3,917;3,824;0;0
17;15;134;3820,276;20;1,089;3,014;0,93;-0,002;2,428;3,127;4,252;3,689;0,407;2,457
17;15;135;3839,275;18,999;1,151;2,656;1,55;-0,003;1,788;2,521;3,617;3,506;0,524;1,907
17;15;136;3857,276;18,001;1,042;2,979;1,61;-0,003;2,066;2,789;3,915;3,539;0;0
17;15;137;3879,276;22;1,036;3,2;1,02;-0,001;1,649;2,373;3,473;3,614;0;0
17;15;138;3897,276;18;1,05;3,089;0,97;0;1,52;2,19;3,348;3,659;0;0
17;15;139;3915,276;18;1,11;2,994;1,02;0;2,378;3,065;4,325;7,367;0,412;2,428
17;15;140;3936,276;21;1,152;3;1,57;0,002;1,854;2,611;3,709;3,758;0,496;2,015
17;15;141;3954,277;18,001;1,11;2,926;1,08;0,009;2,292;3,003;4,09;3,639;0,418;2,392
17;15;142;3973,277;19;1,105;2,846;1,5;0,009;2,064;2,774;3,818;3,514;0,446;2,245
17;15;143;3993,277;20;1,137;2,669;1,28;0,009;1,965;2,678;3,755;3,419;0,474;2,109
17;15;144;4015,277;22;1,127;2,966;1,03;0,002;2,351;3,015;4,075;3,818;0,41;2,44
17;15;145;4036,277;21;1,1;2,782;1,29;-0,005;2,074;2,796;3,922;3,486;0;0
17;15;146;4055,278;19,001;1,069;2,995;1,55;-0,002;2,007;2,81;3,924;7,246;0,631;1,586
17;15;147;4076,278;21;1,043;3,164;0,91;-0,002;2,59;3,351;4,497;3,654;0,381;2,622
17;15;148;4096,277;19,999;1,101;2,714;1,45;0,001;1,974;2,721;3,811;3,46;0,471;2,123
17;15;149;4117,278;21,001;1,069;2,989;1,17;0,001;2,334;2,966;4,153;3,67;0,418;2,394
17;15;150;4138,278;21;1,117;2,971;1,51;0,001;1,826;2,56;3,666;3,536;0,509;1,964
17;15;151;4160,279;22,001;1,077;2,884;1,53;-0,008;1,853;2,618;3,764;3,529;0;0
17;15;152;4180,278;19,999;1,06;3,071;1,03;-0,006;1,53;2,255;3,382;3,67;0;0
17;15;153;4198,279;18,001;1,057;2,85;1,54;0;1,888;2,711;3,867;3,48;0;0
17;15;154;4218,279;20;1,004;3,223;1,06;0,003;1,658;2,383;3,567;3,629;0,542;1,843
17;15;155;4240,279;22;1,097;2,921;1,55;0,003;2,066;2,787;3,88;7,247;0,461;2,168
17;15;156;4260,279;20;1,051;3,155;1,17;-0,004;1,674;2,417;3,704;3,599;0,537;1,863
17;15;157;4279,28;19,001;1,114;3,114;1,1;-0,001;1,633;2,372;3,602;7,629;0,754;1,327
17;15;158;4298,28;19;1,067;3,108;1,19;-0,001;2,455;3,147;4,351;3,751;0,403;2,482
17;15;159;4318,28;20;1,12;3,265;1,1;-0,007;1,714;2,483;3,667;4,064;0,535;1,869
17;15;160;4338,28;20;1,076;3,118;1,11;-0,004;1,597;2,28;3,383;3,81;0;0
17;15;161;4358,28;20;1,171;2,969;0,92;0,003;2,388;3,029;4,049;3,787;0,417;2,396
17;15;162;4380,28;22;1,173;2,752;1,52;0,003;1,863;2,59;3,665;7,43;0,491;2,037
17;15;163;4402,28;22;1,074;3,137;0,89;-0,003;2,571;3,272;4,361;3,685;0;0
17;15;164;4422,281;20,001;1,117;3,15;0,97;-0,003;2,554;3,275;4,473;3,907;0;0
17;15;165;4441,281;19;1,011;3,133;1,1;-0,003;2,496;3,164;4,229;3,593;0,392;2,549
17;15;166;4461,281;20;1,182;2,932;1,5;0,005;1,688;2,44;3,621;3,791;0,528;1,894
17;15;167;4480,281;19;1,133;2,951;1,61;0,005;1,814;2,559;3,726;3,701;0,503;1,989
17;15;168;4499,281;19;1,205;3,02;1,5;0,002;1,783;2,585;3,772;4,028;0,502;1,992
17;15;169;4520,282;21,001;1,212;2,984;0,98;0,01;2,38;3,07;4,198;7,941;0,549;1,82
17;15;170;4541,336;21,054;1,168;2,99;1,19;0,01;2,311;2,988;4,145;3,963;0,416;2,404
17;15;171;4562,282;20,946;1,117;3,084;1,03;0,005;2,467;3,111;4,111;3,861;0,4;2,499
17;15;172;4584,282;22;1,189;2,933;1,09;0,013;2,298;2,966;3,938;3,983;0,422;2,367
17;15;173;4604,282;20;1,182;2,836;1,6;0,013;2,024;2,759;3,812;3,78;0,462;2,166
17;15;174;4625,282;21;1,173;2,691;1,48;0,008;1,9;2,676;3,826;3,622;0,478;2,094
17;15;175;4643,282;18;1,056;3,129;1,03;0,008;1,601;2,318;3,405;3,657;0,553;1,808
17;15;176;4664,282;21;1,202;2,837;1,31;0,012;2,153;2,86;3,971;7,35;0,587;1,705
17;15;177;4686,283;22,001;1,011;3,095;1,09;0,012;1,519;2,134;2,988;3,427;0,581;1,722
17;15;178;4707,283;21;1,12;3,021;1,08;-0,006;2,395;2,995;4,1;3,901;0;0
17;15;179;4732,283;25;1,176;2,885;1,77;-0,006;2,01;2,727;3,844;4,005;0;0
17;15;180;4755,283;23;1,214;3,023;1,48;-0,008;1,707;2,442;3,586;4,092;0;0
17;15;181;4776,284;21,001;1,22;3,241;1,05;0;2,621;3,388;4,609;4,469;0;0
17;15;182;4797,284;21;1,289;2,704;1,38;0,001;1,976;2,747;3,866;4,109;0,47;2,127
17;15;183;4816,284;19;1,221;2,975;1,52;0,008;1,749;2,472;3,558;11,231;0,732;1,366
17;15;184;4834,284;18;1,045;3,219;1,41;0,011;2,535;3,243;4,269;7,189;0,544;1,838
17;15;185;4853,284;19;1,014;3,047;1,72;0,011;2,01;2,71;3,727;3,4;0,456;2,193
17;15;186;4876,284;23;1,188;3,024;1,3;0,003;1,627;2,35;3,447;3,892;0,556;1,797
17;15;187;4894,285;18,001;1,265;2,831;1,55;0,003;1,951;2,723;3,804;4,065;0,47;2,126
17;15;188;4912,285;18;1,191;3,163;1,51;0,009;1,877;2,58;3,663;4,001;0,495;2,02
17;15;189;4931,285;19;1,265;2,823;1,38;0,009;2,104;2,834;3,871;8,093;0,444;2,25
17;15;190;4953,285;22;1,118;3,176;1,34;0;1,74;2,448;3,524;3,922;0;0
17;15;191;4974,285;21;1,16;2,997;1,63;0;1,962;2,77;3,93;7,943;0,465;2,151
17;15;192;4995,285;21;1,082;2,984;1,53;-0,003;2,259;2,928;3,975;3,793;0,435;2,298
17;15;193;5016,286;21,001;1,124;2,721;1,16;-0,004;2,067;2,812;3,924;3,545;0;0
17;15;194;5036,285;19,999;1,12;2,813;1,48;0,003;2,078;2,777;3,892;3,63;0,453;2,205
17;15;195;5056,286;20,001;1,125;3,289;1,27;0,003;1,855;2,66;3,823;7,911;0,638;1,568
17;15;196;5080,286;24;1,06;3,02;1,03;0,003;2,404;3,071;4,148;3,765;0,41;2,439
17;15;197;5099,285;18,999;1,112;3,21;0,96;0,002;2,614;3,323;4,386;3,947;0,381;2,627
17;15;198;5118,286;19,001;1,147;2,934;1,11;-0,003;2,29;2,963;4,079;3,806;0;0
17;15;199;5141,286;23;1,147;2,95;1,07;-0,003;2,32;2,946;3,995;3,886;0,429;2,33
17;15;200;5162,286;21;1,235;2,953;1,27;0,002;2,268;2,933;4,07;8,028;0,567;1,765
17;15;201;5183,286;21;1,189;2,999;1,29;0,002;1,598;2,288;3,406;3,919;0,565;1,771
17;15;202;5207,287;24,001;1,226;2,921;1,06;-0,001;2,293;2,973;4,143;4,152;0,426;2,347
17;15;203;5230,287;23;1,197;3,109;1,59;-0,01;1,852;2,605;3,751;4,118;0;0
17;15;204;5251,287;21;1,178;2,754;1,21;-0,013;2,083;2,849;3,985;3,827;0,461;2,171
17;15;205;5271,287;20;1,162;2,955;1,11;0,005;2,312;3,037;4,108;3,766;0,421;2,376
17;15;206;5289,288;18,001;1,137;3,047;1,1;0,005;2,413;3,112;4,289;3,899;0,395;2,53
17;15;207;5312,287;22,999;1,167;2,975;1,67;0,005;2,079;2,783;3,905;3,886;0,444;2,253
17;15;208;5337,287;25;1,123;3,153;1,38;-0,008;1,722;2,435;3,502;3,946;0;0
17;15;209;5360,288;23,001;1,072;2,805;1,59;-0,012;1,963;2,683;3,821;3,516;0;0
17;15;210;5379,288;19;1,146;2,82;1,52;-0,012;2,011;2,756;3,86;3,683;0;0
17;15;211;5404,288;25;1,101;2,972;1,7;-0,012;2,121;2,844;3,875;3,797;0;0
17;15;212;5427,288;23;1,08;3,041;1,59;-0,013;1,989;2,743;3,848;3,668;0;0
17;15;213;5450,289;23,001;1,141;2,688;1,34;-0,013;1,972;2,734;3,859;3,616;0,483;2,07
17;15;214;5475,289;25;1,26;2,684;1,39;-0,007;1,959;2,745;3,897;4,044;0;0
17;15;215;5499,289;24;1,081;3,308;1,1;0,004;1,727;2,467;3,584;4,071;0,522;1,914
17;15;216;5521,289;22;1,241;2,799;1,16;0,004;2,137;2,887;3,948;4,032;0,446;2,243
17;15;217;5543,29;22,001;1,06;3,055;1,38;0,001;2,353;2,999;4,102;3,684;0,419;2,386
17;15;218;5568,29;25;1,128;3,147;1,45;0,002;1,787;2,534;3,607;3,898;0,518;1,93
17;15;219;5588,29;20;1,034;3,008;1,63;0,003;2,153;2,895;3,937;3,571;0,438;2,282
17;15;220;5608,29;20;1,015;3,059;1,71;0,006;2,223;2,928;3,932;3,603;0,434;2,302
17;15;221;5629,29;21;1,139;2,773;1,52;0,006;2,002;2,732;3,814;3,72;0,464;2,153
17;15;222;5651,29;22;1,185;3,148;1,34;0,008;1,725;2,48;3,614;4,123;0,52;1,922
17;15;223;5671,29;20;1,169;3,142;1,26;0,008;1,708;2,448;3,572;4,027;0,525;1,904
17;15;224;5693,291;22,001;1,117;3,215;1,23;0,007;1,737;2,519;3,658;4,028;0,516;1,937
17;15;225;5712,291;19;1,106;3,151;1,17;0,013;1,677;2,391;3,511;3,791;0,53;1,887
17;15;226;5730,291;18;1,144;2,903;1,58;0,013;2,115;2,807;3,805;7,459;0,453;2,209
17;15;227;5754,291;24;1,097;3,009;1;0,017;2,405;3,106;4,05;3,736;0,398;2,513
17;15;228;5774,291;20;1,058;3,112;1,33;0,017;1,674;2,408;3,552;3,639;0,52;1,924
17;15;229;5793,291;19;1,063;2,955;1,06;0,017;2,329;3,011;4,177;7,265;0,406;2,465
17;15;230;5812,291;19;1,061;3,196;1,16;0,017;1,642;2,379;3,518;3,767;0,534;1,872
17;15;231;5831,291;19;1,06;2,988;1,93;0,014;2,201;2,866;3,879;3,68;0,418;2,393
17;15;232;5854,292;23,001;1,13;3,178;1,35;0,014;1,778;2,543;3,699;3,929;0,5;1,999
17;15;233;5876,292;22;1,087;3,17;1,14;0;1,576;2,279;3,384;4,052;0,569;1,757
17;15;234;5901,292;25;1,085;3,169;1,21;0;1,529;2,207;3,281;4,077;0,587;1,703
17;15;235;5926,293;25,001;1,141;3,215;1,22;0,012;1,76;2,491;3,632;4,098;0,506;1,977
17;15;236;5949,293;23;1,203;2,626;1,56;0,012;1,848;2,545;3,654;7,842;0,494;2,023
17;15;237;5975,292;25,999;1,058;3,087;1,6;0,008;1,784;2,532;3,689;3,687;0,503;1,987
17;15;238;5999,293;24,001;1,11;2,984;1,02;0,014;2,374;3,043;4,058;3,751;0,408;2,452
17;15;239;6022,293;23;1,159;2,749;1,52;0,014;2,007;2,737;3,882;7,502;0,457;2,188
17;15;240;6046,293;24;1,066;3,119;1,49;0,012;1,691;2,387;3,493;3,717;0,529;1,892
17;15;241;6067,294;21,001;1,107;3,134;1,03;0,012;1,58;2,267;3,35;7,588;0,56;1,787
17;15;242;6094,293;26,999;1,027;3,197;1,26;0,002;1,606;2,337;3,459;3,857;0,555;1,8
17;15;243;6116,294;22,001;1,171;2,933;1,23;0,005;2,269;2,961;4,191;4,051;0,424;2,36
17;15;244;6139,294;23;1,061;3,093;1,46;0,005;1,712;2,456;3,657;3,739;0,515;1,94
17;15;245;6163,294;24;1,185;2,872;1,63;0,015;1,953;2,689;3,8;3,897;0,469;2,133
17;15;246;6190,295;27,001;1,106;3,069;1,57;0,016;1,864;2,616;3,678;7,79;0,66;1,516
17;15;247;6216,295;26;1,064;3,197;1,25;0,016;1,597;2,303;3,289;3,846;0,554;1,804
17;15;248;6240,295;24;1,072;2,862;1,42;0,008;2,147;2,868;3,92;3,599;0,442;2,262
17;15;249;6267,295;27;1,102;2,868;1,43;0,005;2,114;2,829;3,915;3,805;0,444;2,252
17;15;250;6293,295;26;1,044;3,015;1,8;0,014;2,118;2,817;3,904;3,583;0,441;2,267
17;15;251;6316,296;23,001;1,162;2,772;1,62;0,02;1,831;2,573;3,707;3,637;0,486;2,057
17;15;252;6341,296;25;1,027;3;1,55;0,02;2,31;2,947;4,011;3,471;0,414;2,417
17;15;253;6364,296;23;1,137;3,178;1,22;0,02;1,667;2,421;3,578;7,548;0,516;1,938
17;15;254;6390,296;26;1,01;3,18;1,2;0,014;1,535;2,24;3,486;3,935;0,554;1,806
17;15;255;6416,296;26;1,155;3,207;1,51;0,014;1,917;2,691;3,751;7,992;0,471;2,121
17;15;256;6443,296;27;1,041;3,158;1,12;0,008;1,578;2,275;3,371;3,707;0,562;1,779
17;15;257;6467,297;24,001;1,175;3,073;1,56;0,008;1,805;2,543;3,685;4,001;0,501;1,998
17;15;258;6491,298;24,001;1,133;3,04;1,59;0,007;2,081;2,792;3,886;3,875;0,453;2,207
17;15;259;6519,297;27,999;1,277;3,054;1,71;0,011;2,248;2,974;4,138;4,668;0,416;2,405
17;15;260;6545,297;26;1,104;3,237;1,09;0,011;1,65;2,427;3,675;4,122;0,523;1,913
17;15;261;6566,298;21,001;1,16;3,001;1,3;0,012;2,333;3,071;4,181;4,025;0,411;2,436
17;15;262;6591,298;25;1,109;3,093;2;0,012;2,406;3,043;4,097;4,172;0,404;2,476
17;15;263;6621,298;30;1,155;3,235;1,08;0,012;2,612;3,36;4,518;4,33;0,374;2,675
17;15;264;6654,298;33;1,042;3,296;1,23;0,002;1,735;2,5;3,655;4,194;0,52;1,923
17;15;265;6683,298;29;1,086;3,291;0,99;0,002;1,725;2,484;3,665;8,256;0,517;1,933
17;15;266;6711,298;28;1,038;3,197;1,68;-0,006;1,826;2,573;3,692;3,878;0;0
17;15;267;6737,299;26,001;1,043;3,082;1,85;-0,014;1,828;2,548;3,72;3,772;0;0
17;15;268;6765,3;28,001;1,212;2,989;1,55;-0,001;1,806;2,601;3,842;7,864;0,618;1,617
17;15;269;6790,3;25;1,059;3,024;1,69;-0,001;1,85;2,645;3,803;3,746;0,494;2,022
17;15;270;6814,299;23,999;1,118;3,277;1,56;-0,002;2,101;2,83;3,944;3,914;0,453;2,208
17;15;271;6840,3;26,001;1,171;3,095;1,08;0;2,46;3,226;4,452;7,827;0,506;1,976
17;15;272;6867,3;27;1,057;3,128;1,43;0;2,404;3,158;4,222;3,783;0,401;2,491
17;15;273;6891,3;24;1,027;3,296;1,66;-0,008;2,566;3,27;4,484;3,877;0;0
17;15;274;6913,3;22;1,039;3,074;1,44;-0,004;2,354;3,095;4,338;3,638;0;0
17;15;275;6939,3;26;1,207;3,17;1,58;0,01;1,897;2,719;3,935;4,35;0,464;2,157
17;15;276;6966,3;27;1,113;3,203;1,26;0,01;2,534;3,274;4,47;4,128;0,38;2,629
17;15;277;6989,301;23,001;1,079;3,189;1,3;0,006;1,743;2,508;3,641;3,778;0,515;1,942
17;15;278;7011,301;22;1,101;3,337;1,26;-0,003;1,951;2,76;3,9;3,989;0;0
17;15;279;7036,301;25;0,986;3,24;1,11;-0,01;1,739;2,479;3,664;3,551;0;0
17;15;280;7060,302;24,001;0,907;3,18;1,22;0,016;2,529;3,234;4,404;3,264;0,382;2,618
17;15;281;7083,302;23;1,167;2,891;1,33;0,016;2,208;2,894;4,069;4,007;0,424;2,361
17;15;282;7108,302;25;1,143;2,784;1,66;0,01;1,981;2,723;3,815;3,693;0,467;2,143
17;15;283;7138,302;30;1,035;2,936;1,82;0,002;2,11;2,8;3,851;3,762;0,456;2,194
17;15;284;7165,303;27,001;1,079;3,237;1,25;0,004;1,785;2,536;3,716;4,01;0,504;1,984
17;15;285;7194,303;29;1,184;3,306;1,49;0,017;1,932;2,689;3,843;8,096;0,595;1,681
17;15;286;7219,303;25;1,083;3,124;1,58;0,017;1,805;2,566;3,663;3,753;0,492;2,033
17;15;287;7244,303;25;1,032;3,181;1,07;0,024;1,659;2,379;3,492;3,662;0,532;1,879
17;15;288;7267,303;23;1,097;3,281;1,24;0,024;1,764;2,475;3,526;3,94;0,503;1,986
18;15;4;1526,257;83;1,418;6,438;3,04;0,032;4,117;6,186;9,88;11,431;0,202;4,951
18;15;5;1589,258;63,001;1,487;5,608;2,32;0,032;4,025;6,001;9,037;21,587;0,211;4,738
18;15;6;1644,259;55,001;1,466;5,463;2,03;0,025;3,436;5,187;7,9;9,592;0,244;4,103
18;15;7;1685,258;40,999;1,526;5,291;2,1;0,025;3,46;4,962;7,503;9,581;0,257;3,891
18;15;8;1737,258;52;1,715;5,043;1,59;0,019;3,426;4,847;7,135;19,305;0,339;2,946
18;15;9;1784,259;47,001;1,698;4,789;1,64;0,019;3,498;4,911;6,957;9,322;0,265;3,767
18;15;10;1834,26;50,001;1,818;4,49;1,62;0,019;3,635;4,926;6,967;9,531;0,264;3,786
18;15;11;1885,26;51;1,763;4,412;1,5;0,013;2,746;3,974;5,931;8,939;0,325;3,076
18;15;12;1927,261;42,001;1,644;4,487;1,28;0,013;2,943;4,123;5,866;8,382;0,316;3,164
18;15;13;1966,26;38,999;1,775;4,163;1,75;0,013;2,978;4,132;5,858;8,294;0,316;3,16
18;15;14;2007,262;41,002;1,734;4,158;1,64;0,012;2,887;3,975;5,666;8,208;0,326;3,07
18;15;15;2047,261;39,999;1,752;4,033;1,18;0,012;2,485;3,595;5,155;7,936;0,365;2,74
18;15;16;2081,262;34,001;1,774;4,005;1,59;0,012;2,853;3,911;5,483;7,905;0,333;3,004
18;15;17;2116,263;35,001;1,693;3,954;1,43;0,012;2,57;3,62;5,169;14,366;0,458;2,184
18;15;18;2149,262;32,999;1,655;3,873;1,5;0,012;2,478;3,543;4,953;7,041;0,369;2,707
18;15;19;2183,263;34,001;1,681;3,851;1,77;0,01;2,947;3,91;5,424;7,326;0,331;3,022
18;15;20;2216,263;33;1,851;3,914;1,51;0,01;2,565;3,585;5,164;7,98;0,36;2,775
18;15;21;2251,264;35,001;1,669;3,969;1,5;0,01;2,561;3,579;5,018;7,415;0,365;2,738
18;15;22;2282,264;31;1,697;3,687;1,67;0,01;2,788;3,775;5,258;7,218;0,345;2,9
18;15;23;2316,264;34;1,706;3,813;1,54;0,008;3,046;3,974;5,54;7,445;0,325;3,075
18;15;24;2352,264;36;1,734;3,941;1,53;0,01;2,64;3,688;5,207;7,595;0,353;2,83
18;15;25;2388,264;36;1,802;3,8;1,62;0,01;2,609;3,597;5,149;15,339;0,36;2,778
18;15;26;2422,264;34;1,65;3,859;1,65;0,003;2,79;3,736;5,114;7,232;0,347;2,88
18;15;27;2460,265;38,001;1,587;3,943;1,44;0,003;2,268;3,232;4,694;7,282;0,404;2,474
18;15;28;2492,265;32;1,539;3,97;1,65;0;2,235;3,137;4,64;7,209;0,414;2,415
18;15;29;2527,266;35,001;1,551;3,889;1,65;0;2,616;3,603;4,989;6,702;0,365;2,737
18;15;30;2559,266;32;1,568;4,012;1,7;-0,008;2,957;3,897;5,422;7,295;0,337;2,964
18;15;31;2593,265;33,999;1,572;3,829;1,38;-0,002;2,267;3,187;4,688;6,865;0;0
18;15;32;2628,267;35,002;1,601;3,911;1,69;-0,002;2,935;3,87;5,402;7,148;0;0
18;15;33;2664,266;35,999;1,579;3,893;1,29;-0,002;2,348;3,315;4,736;6,909;0,398;2,511
18;15;34;2698,266;34;1,635;3,82;1,6;-0,002;2,607;3,579;5,08;6,85;0,367;2,723
18;15;35;2733,267;35,001;1,629;3,778;1,73;-0,002;2,914;3,914;5,432;7,109;0;0
18;15;36;2770,267;37;1,613;3,876;1,29;0;2,361;3,326;4,783;7,04;0,395;2,53
18;15;37;2802,268;32,001;1,655;4,021;1,65;0,002;2,704;3,671;5,048;7,331;0,357;2,799
18;15;38;2841,268;39;1,626;3,905;1,35;0,002;2,333;3,353;4,797;7,301;0,395;2,533
18;15;39;2874,268;33;1,58;3,986;1,82;0,005;2,972;3,938;5,436;7,256;0,33;3,035
18;15;40;2910,268;36;1,581;3,974;1,66;0,005;2,547;3,548;5,004;6,919;0,369;2,708
18;15;41;2944,269;34,001;1,583;3,872;1,62;-0,002;3,099;4,125;5,628;14,243;0,389;2,569
18;15;42;2976,269;32;1,552;3,916;1,72;-0,002;2,164;3,177;4,654;7,109;0,418;2,395
18;15;43;3016,27;40,001;1,645;3,969;1,44;-0,002;2,429;3,408;4,818;7,297;0,389;2,571
18;15;44;3053,269;36,999;1,685;3,997;1,54;0,003;2,555;3,54;4,953;7,408;0,37;2,702
18;15;45;3087,269;34;1,723;3,736;1,62;0,003;2,948;3,992;5,598;14,992;0,329;3,043
18;15;46;3123,27;36,001;1,682;3,909;1,63;0;2,246;3,174;4,642;7,523;0,411;2,432
18;15;47;3157,27;34;1,671;4,002;1,73;0;2,954;3,915;5,486;7,649;0,332;3,015
18;15;48;3192,271;35,001;1,698;3,911;1,66;0,011;2,914;3,865;5,453;7,514;0,332;3,013
18;15;49;3226,271;34;1,773;4,054;1,52;0,012;2,657;3,652;5,017;15,768;0,462;2,164
18;15;50;3259,272;33,001;1,754;4,067;1,51;0,012;2,734;3,749;5,133;7,84;0,348;2,872
18;15;51;3291,272;32;1,751;3,998;1,68;0,011;2,833;3,805;5,375;7,946;0,338;2,956
18;15;52;3325,271;33,999;1,755;3,902;1,26;0,01;2,304;3,287;4,787;7,623;0,393;2,546
18;15;53;3363,272;38,001;1,743;3,982;1,56;0,007;2,358;3,345;4,795;7,856;0,391;2,557
18;15;54;3399,273;36,001;1,673;3,849;1,68;0,001;3,044;4,093;5,599;7,58;0,322;3,102
18;15;55;3439,273;40;1,689;4,047;1,34;-0,003;2,551;3,563;5,005;7,771;0;0
18;15;56;3476,273;37;1,598;4,157;1,67;-0,005;2,914;3,93;5,455;7,594;0;0
18;15;57;3512,274;36,001;1,837;3,78;1,59;-0,005;2,959;3,957;5,469;15,634;0,332;3,012
18;15;58;3549,274;37;1,642;4,016;1,76;-0,002;2,261;3,17;4,651;7,528;0;0
18;15;59;3588,274;39;1,715;4,214;1,64;-0,002;2,949;3,936;5,53;8,117;0,333;2,999
18;15;60;3631,274;43;1,747;4,074;1,48;-0,003;2,671;3,687;5,252;23,869;0;0
18;15;61;3672,275;41,001;1,797;3,978;1,77;0,001;2,808;3,825;5,402;16,027;0,421;2,373
18;15;62;3710,274;37,999;1,734;3,981;1,78;0,001;3,134;4,09;5,544;7,967;0,321;3,111
18;15;63;3749,275;39,001;1,762;3,904;1,66;0;3,097;4,019;5,581;8,033;0,322;3,101
18;15;64;3795,275;46;1,822;4,156;1,67;0,001;2,974;3,976;5,509;8,806;0,33;3,034
18;15;65;3839,275;44;1,923;3,86;1,29;0,009;2,217;3,191;4,744;17,045;0,509;1,965
18;15;66;3877,276;38,001;1,876;3,999;1,71;0,009;2,955;3,948;5,467;8,551;0,329;3,038
18;15;67;3922,277;45,001;2,004;3,868;1,71;0,009;2,827;3,882;5,525;8,95;0,335;2,988
18;15;68;3970,277;48;1,994;3,994;1,52;0,012;2,652;3,682;5,224;9,177;0,353;2,832
18;15;69;4010,277;40;1,999;3,909;1,44;0,013;2,333;3,325;4,83;9,161;0,389;2,572
18;15;70;4051,278;41,001;1,906;4,075;1,64;0,023;2,341;3,337;4,822;8,781;0,384;2,607
18;15;71;4093,279;42,001;1,995;3,937;1,65;0,023;2,797;3,855;5,366;17,788;0,336;2,98
18;15;72;4138,278;44,999;1,892;4,234;1,69;0,016;3,38;4,354;5,865;9,236;0,296;3,374
18;15;73;4188,278;50;1,973;4,068;1,55;0,017;2,379;3,446;4,899;9,474;0,377;2,65
18;15;74;4234,279;46,001;2,088;4,047;1,68;0,017;3,129;4,091;5,679;9,585;0,314;3,186
18;15;75;4277,279;43;2,008;4,194;1,71;0,026;2,934;3,951;5,496;9,392;0,323;3,092
18;15;76;4317,28;40,001;2,066;3,98;1,51;0,026;2,364;3,4;4,954;18,903;0,374;2,673
18;15;77;4365,28;48;2,155;4,005;1,66;0,023;2,754;3,806;5,366;29,015;0,339;2,95
18;15;78;4409,28;44;2,102;4,025;1,72;0,023;3,016;4,045;5,633;10,073;0,315;3,175
18;15;79;4455,28;46;2,227;4,016;1,62;0,023;2,798;3,846;5,413;10,038;0,335;2,982
18;15;80;4502,281;47,001;2,07;3,94;1,64;0,019;2,224;3,216;4,715;9,58;0,399;2,505
18;15;81;4547,282;45,001;2,148;3,973;1,71;0,008;2,697;3,768;5,368;10,233;0,346;2,888
18;15;82;4593,282;46;2,035;4,042;1,69;0,01;3,161;4,25;5,835;9,416;0,309;3,237
18;15;83;4635,283;42,001;2,09;4,157;1,55;0,01;2,709;3,757;5,29;19,268;0,348;2,874
18;15;84;4679,283;44;2,233;4,143;1,29;0,001;2,699;3,714;5,202;10,898;0,354;2,828
18;15;85;4737,283;58;2,042;4,04;1,61;0,001;3,247;4,238;5,777;9,667;0,311;3,22
18;15;86;4791,283;54;2,226;3,872;1,26;-0,007;2,319;3,309;4,829;10,251;0;0
18;15;87;4847,284;56,001;1,947;4,073;1,17;-0,007;2,478;3,539;5,159;9,201;0;0
18;15;88;4894,285;47,001;2,051;3,986;1,18;-0,003;2,458;3,465;5,01;9,471;0;0
18;15;89;4940,285;46;1,952;4,176;1,46;-0,003;2,672;3,697;5,354;9,373;0,355;2,818
18;15;90;4988,285;48;2,089;4,117;1,33;-0,001;2,558;3,629;5,124;9,898;0;0
18;15;91;5036,285;48;2,096;4,139;1,32;-0,001;2,642;3,672;5,527;20,12;0,437;2,288
18;15;92;5081,286;45,001;2,094;4,089;1,66;-0,001;2,464;3,461;4,946;9,97;0,379;2,636
18;15;93;5125,286;44;2,102;3,977;1,51;0,002;2,303;3,34;4,968;20,353;0,461;2,168
18;15;94;5177,287;52,001;2,096;4,078;1,76;0,002;3,171;4,201;5,767;10,467;0,312;3,202
18;15;95;5226,286;48,999;2,147;4,029;1,41;0,002;2,434;3,439;4,922;9,862;0,383;2,613
18;15;96;5274,287;48,001;2,084;4,101;1,43;-0,002;2,587;3,602;5,172;9,834;0,367;2,725
18;15;97;5321,288;47,001;2,141;4,059;1,6;0;2,358;3,359;4,867;10,13;0;0
18;15;98;5372,288;51;2,137;4,206;1,7;0,005;3,019;3,945;5,531;10,249;0,329;3,044
18;15;99;5426,289;54,001;2,251;4,04;1,35;0,016;2,607;3,658;5,251;10,203;0,355;2,818
18;15;100;5464,288;37,999;2,022;4,298;2,02;0,016;2,769;3,762;5,462;9,968;0,34;2,942
18;15;101;5509,289;45,001;2,178;4,02;1,9;0,006;2,998;3,949;5,612;10,434;0,324;3,083
18;15;102;5554,289;45;2,237;3,996;1,36;0,005;2,358;3,393;4,906;10,389;0,387;2,581
18;15;103;5604,29;50,001;2,031;4,27;1,79;0,01;3,274;4,266;5,886;10,212;0,303;3,299
18;15;104;5650,29;46;2,388;4,029;1,54;0,01;2,737;3,755;5,394;20,774;0,346;2,894
18;15;105;5693,291;43,001;2,248;4,108;1,56;0,006;2,72;3,748;5,398;10,51;0,347;2,882
18;15;106;5740,291;47;2,301;3,966;1,51;0,006;2,526;3,589;5,088;10,516;0,366;2,729
18;15;107;5806,291;66;2,36;4,022;1,49;0,004;2,319;3,362;4,94;11,462;0,39;2,567
18;15;108;5863,292;57,001;2,375;4,139;1,53;-0,001;2,909;3,969;5,673;11,257;0,33;3,028
18;15;109;5920,292;57;2,416;4,116;1,55;-0,001;2,814;3,833;5,433;10,919;0,344;2,906
18;15;110;5980,293;60,001;2,29;4,255;1,67;-0,006;2,651;3,735;5,458;11,525;0,354;2,828
18;15;111;6041,294;61,001;2,446;3,913;1,25;-0,002;3,24;4,325;5,903;11,576;0;0
18;15;112;6111,294;70;2,424;4,059;1,59;-0,002;2,841;3,923;5,61;11,85;0,336;2,973
18;15;113;6185,294;74;2,349;4,013;1,49;0,003;2,636;3,732;5,425;10,801;0,351;2,851
18;15;114;6243,295;58,001;2,365;4,275;1,74;0,007;2,864;3,911;5,603;12,276;0,332;3,016
18;15;115;6308,296;65,001;2,24;4,291;1,64;0,021;2,55;3,602;5,23;10,965;0,358;2,797
18;15;116;6360,296;52;2,378;4,178;1,43;0,021;2,693;3,77;5,435;11,349;0,344;2,908
18;15;117;6423,296;63;2,594;3,777;1,63;0,014;2,943;3,992;5,664;34,795;0,324;3,084
18;15;118;6487,297;64,001;2,436;3,93;1,8;-0,001;3,014;4,177;5,806;11,933;0,319;3,135
18;15;119;6554,297;67;2,294;4,17;1,36;-0,005;2,629;3,749;5,424;11,106;0;0
18;15;120;6621,298;67,001;2,264;4,039;1,71;-0,005;2,987;4,031;5,633;11,202;0,328;3,052
18;15;121;6690,298;69;2,382;4,044;1,61;-0,002;3,266;4,359;6,003;11,306;0;0
18;15;122;6766,299;76,001;2,306;4,159;1,68;0,004;2,94;4,03;5,687;11,171;0,325;3,079
18;15;123;6829,299;63;2,158;4,25;1,72;0,004;2,94;4,017;5,698;10,594;0,325;3,079
18;15;124;6899,3;70,001;2,296;4,197;1,46;0,002;2,557;3,648;5,287;11,406;0,361;2,768
18;15;125;6957,3;58;2,161;4,361;1,76;0,002;2,583;3,657;5,18;11,274;0,36;2,777
18;15;126;7030,302;73,002;2,256;4,328;1,43;0,001;2,811;3,876;5,656;11,809;0,335;2,988
18;15;127;7099,302;69;2,25;4,234;1,73;0,001;3,206;4,299;5,945;12,03;0,306;3,265
18;15;128;7174,302;75;2,259;4,199;1,43;0,001;2,742;3,882;5,572;10,997;0,341;2,932
18;15;129;7248,303;74,001;2,218;4,138;1,37;0,014;2,659;3,781;5,469;10,417;0,346;2,891
19;15;8;2417,265;117,001;1,751;6,78;6,28;0,013;3,895;5,627;8,008;16,344;0,235;4,251
19;15;9;2537,266;120,001;1,64;6,854;6,9;-0,001;4,459;6,041;8,439;15,457;0,222;4,501
19;15;10;2694,266;157;1,905;6,596;4,68;-0,005;3,789;5,392;7,711;17,259;0,251;3,986
19;15;11;2835,268;141,002;1,861;7,908;3,95;-0,005;5,346;7,266;10,264;17,541;0;0
19;15;12;2948,268;113;1,812;7,819;6,97;0,009;4,642;6,515;9,52;18,43;0,202;4,956
19;15;13;3077,27;129,002;2,043;7,227;4,44;0,009;5,17;6,802;9,234;19,942;0,195;5,126
19;15;14;3257,271;180,001;1,981;8,671;5,6;0,036;6,252;8,316;11,306;24,393;0,166;6,012
19;15;15;3427,272;170,001;2,138;7,617;5,25;0,036;4,817;6,645;9,471;46,824;0,202;4,952
19;15;16;3657,274;230,002;2,153;7,053;4,22;0,037;4,336;6,197;9,145;20,151;0,21;4,762
19;15;17;3756,276;99,002;1,869;7,844;8,01;0,037;5,17;6,964;9,57;19,781;0,188;5,328
19;15;18;3939,277;183,001;1,961;7,214;4,88;0,005;3,767;5,382;7,909;20,506;0,251;3,991
19;15;19;4135,278;196,001;1,96;7,582;7,1;-0,011;4,223;6,048;8,473;19,54;0;0
19;15;20;4327,28;192,002;1,913;7,087;5,1;-0,015;4,392;5,861;8,23;20,335;0;0
19;15;21;4495,281;168,001;1,903;7,196;10,09;-0,006;4,206;6,052;8,823;20,05;0;0
20;15;2;1793,26;107,001;0,804;6,65;4,26;0,03;3,714;5,55;7,951;14,084;0,291;3,435
20;15;3;1886,26;93;0,779;7,011;3,9;0,03;4,906;6,547;8,88;6,816;0,198;5,042
20;15;4;1978,261;92,001;0,943;6,3;3,03;0,03;3,84;5,409;7,802;6,761;0,229;4,362
20;15;5;2078,261;100;1,015;5,94;2,53;0,007;3,916;5,402;7,538;35,091;0,245;4,088
20;15;6;2168,263;90,002;1,191;5,79;1,75;-0,005;3,541;5,034;7,275;63,528;0,265;3,778
20;15;7;2253,263;85;1,233;5,576;1,98;-0,003;3,675;5,074;7,247;8,149;0;0
20;15;8;2329,263;76;1,269;5,65;2,14;-0,002;3,572;5,029;7,034;8,313;0;0
20;15;9;2392,264;63,001;1,276;5,435;1,87;-0,002;3,805;5,062;6,883;16,41;0,264;3,792
20;15;10;2465,264;73;1,519;5,075;1,58;-0,004;3,491;4,792;6,632;9,15;0;0
20;15;11;2543,266;78,002;1,55;5,291;1,79;-0,004;3,128;4,425;6,076;18,771;0,305;3,274
20;15;12;2630,33;87,064;1,598;5,364;1,66;0,009;3,03;4,152;5,686;8,941;0,317;3,151
20;15;13;2712,266;81,936;1,523;5,149;1,5;0,009;3,814;4,875;6,503;8,741;0,267;3,748
20;15;14;2800,267;88,001;1,564;5,156;1,57;0,009;2,798;3,824;5,35;9,059;0,339;2,953
20;15;15;2901,268;101,001;1,518;4,756;1,78;0,006;2,891;3,942;5,472;8,957;0,331;3,022
20;15;16;3009,269;108,001;1,448;4,953;1,54;0,002;3,563;4,583;5,892;9,082;0,291;3,436
20;15;17;3135,27;126,001;1,551;4,85;1,4;0,002;3,433;4,471;5,973;18,095;0,293;3,414
20;15;18;3237,272;102,002;1,36;5,102;1,69;0,002;3,692;4,682;5,981;8,427;0,281;3,556
